# Object Export From Tinkercad Server 2015

mtllib obj.mtl

o obj_0
v 1 		-63.43 		59.987
v 1 		-73.43 		61
v 1 		-73.998 		60.9425
v 1 		-73.998 		59.987
v -3 		-73.43 		61
v -3 		-63.43 		59.987
v -3 		-73.998 		59.987
v -3 		-73.998 		60.9425
# 8 vertices

g group_0_2829873

usemtl color_2829873
s 0

f 3 	4 	2
f 1 	2 	4
f 5 	6 	7
f 5 	7 	8
f 4 	7 	6
f 4 	6 	1
f 8 	7 	4
f 8 	4 	3
f 6 	5 	2
f 6 	2 	1
f 2 	5 	8
f 2 	8 	3
# 12 faces

 #end of obj_0

o obj_1
v -3.003 		-7 		59.987
v -3.003 		-7 		63
v -3.003 		-11 		63
v -3.003 		-11 		59.987
v -11 		-7 		59.987
v -11 		-11 		59.987
v 1.003 		-7 		59.987
v 1.003 		-11 		59.987
v 1.003 		-7 		63
v 1.003 		-11 		63
v 9 		-11 		59.987
v 9 		-7 		59.987
# 12 vertices

g group_1_2829873

usemtl color_2829873
s 0

f 9 	10 	11
f 9 	11 	12
f 11 	10 	13
f 11 	13 	14
f 15 	16 	18
f 17 	18 	19
f 17 	19 	20
f 17 	15 	18
f 9 	12 	14
f 9 	14 	13
f 18 	16 	19
f 20 	15 	17
f 12 	11 	14
f 16 	15 	19
f 20 	19 	15
f 13 	10 	9
# 16 faces

 #end of obj_1

o obj_2
v 0.149 		-138 		54.813
v -5.619 		-88 		50.787
v -5.33 		-88 		50.26
v 0.501 		-138 		54.668
v -4.967 		-88 		49.771
v -4.536 		-88 		49.329
v 0.828 		-138 		54.487
v 1.123 		-138 		54.271
v 1.382 		-138 		54.026
v -2.149 		-88 		50.201
v 1.6 		-138 		53.755
v 1.774 		-138 		53.462
v -2.501 		-88 		50.345
v -2.828 		-88 		50.527
v 1.5 		-138 		56.398
v 0.913 		-138 		56.658
v 0.294 		-138 		56.847
v -3.123 		-88 		50.742
v 3.83 		-138 		53.67
v 3.619 		-138 		54.226
v 3.33 		-138 		54.753
v 2.967 		-138 		55.242
v 2.536 		-138 		55.684
v 2.044 		-138 		56.071
v 1.9 		-138 		53.153
v -3.382 		-88 		50.987
v 1.977 		-138 		52.832
v -3.6 		-88 		51.259
v 2.003 		-138 		52.507
v -3.774 		-88 		51.552
v 1.977 		-138 		52.181
v 1.9 		-138 		51.861
v -3.9 		-88 		51.861
v 1.774 		-138 		51.552
v 1.6 		-138 		51.259
v -3.977 		-88 		52.181
v 1.382 		-138 		50.987
v 1.123 		-138 		50.742
v 0.828 		-138 		50.527
v -4.003 		-88 		52.507
v 0.501 		-138 		50.345
v -3.977 		-88 		52.832
v 0.149 		-138 		50.201
v -3.9 		-88 		53.153
v 4 		-138 		52.507
v 3.957 		-138 		53.093
v 3.33 		-138 		50.26
v 3.619 		-138 		50.787
v 3.83 		-138 		51.344
v 3.957 		-138 		51.92
v -1.392 		-88 		50.032
v -1 		-88 		50.011
v 2.536 		-138 		49.329
v 2.967 		-138 		49.771
v -1.777 		-88 		50.096
v 0.294 		-138 		48.166
v 0.913 		-138 		48.355
v 1.5 		-138 		48.615
v 2.044 		-138 		48.942
v -3.774 		-138 		53.462
v -0.223 		-88 		50.096
v -3.6 		-138 		53.755
v -0.608 		-88 		50.032
v -3.382 		-138 		54.026
v -3.123 		-138 		54.271
v -2.828 		-138 		54.487
v -0.347 		-88 		48.052
v -1 		-88 		48.013
v -2.501 		-138 		54.668
v -2.149 		-138 		54.813
v -4.044 		-88 		48.942
v -1.777 		-138 		54.917
v -3.5 		-88 		48.615
v -2.913 		-88 		48.355
v -1.392 		-138 		54.981
v -2.294 		-88 		48.166
v -1 		-138 		55.003
v -1.653 		-88 		48.052
v -0.608 		-138 		54.981
v -0.223 		-138 		54.917
v -0.347 		-138 		56.962
v -1 		-138 		57
v -1.653 		-138 		56.962
v -2.294 		-138 		56.847
v -2.913 		-138 		56.658
v -3.5 		-138 		56.398
v -5.619 		-138 		54.226
v -5.83 		-138 		53.67
v -4.044 		-138 		56.071
v -4.536 		-138 		55.684
v -4.967 		-138 		55.242
v -5.33 		-138 		54.753
v -2.149 		-138 		50.201
v -2.501 		-138 		50.345
v -2.828 		-138 		50.527
v -3.123 		-138 		50.742
v -3.382 		-138 		50.987
v -3.6 		-138 		51.259
v -3.774 		-138 		51.552
v -3.9 		-138 		51.861
v -3.977 		-138 		52.181
v -4.003 		-138 		52.507
v -3.977 		-138 		52.832
v -3.9 		-138 		53.153
v -1 		-138 		50.011
v -1.392 		-138 		50.032
v -1.777 		-138 		50.096
v -0.223 		-138 		50.096
v -0.608 		-138 		50.032
v -6 		-138 		52.507
v -5.957 		-138 		51.92
v -5.83 		-138 		51.344
v -5.619 		-138 		50.787
v -5.33 		-138 		50.26
v -4.967 		-138 		49.771
v -4.536 		-138 		49.329
v -5.957 		-138 		53.093
v -1.653 		-138 		48.052
v -1 		-138 		48.013
v -0.347 		-138 		48.052
v -4.044 		-138 		48.942
v -3.5 		-138 		48.615
v -2.913 		-138 		48.355
v -2.294 		-138 		48.166
v 0.149 		-88 		54.813
v 0.501 		-88 		54.668
v 0.828 		-88 		54.487
v 1.123 		-88 		54.271
v 1.382 		-88 		54.026
v 1.6 		-88 		53.755
v 1.774 		-88 		53.462
v 0.294 		-88 		56.847
v 0.913 		-88 		56.658
v 1.5 		-88 		56.398
v 2.044 		-88 		56.071
v 2.536 		-88 		55.684
v 2.967 		-88 		55.242
v 3.33 		-88 		54.753
v 3.619 		-88 		54.226
v 3.83 		-88 		53.67
v 1.9 		-88 		53.153
v 1.977 		-88 		52.832
v 2.003 		-88 		52.507
v 1.977 		-88 		52.181
v 1.9 		-88 		51.861
v 1.774 		-88 		51.552
v 1.6 		-88 		51.259
v 1.382 		-88 		50.987
v 1.123 		-88 		50.742
v 0.828 		-88 		50.527
v 0.501 		-88 		50.345
v 0.149 		-88 		50.201
v 3.957 		-88 		53.093
v 4 		-88 		52.507
v 3.957 		-88 		51.92
v 3.83 		-88 		51.344
v 3.619 		-88 		50.787
v 3.33 		-88 		50.26
v 2.967 		-88 		49.771
v 2.536 		-88 		49.329
v 2.044 		-88 		48.942
v 1.5 		-88 		48.615
v 0.913 		-88 		48.355
v 0.294 		-88 		48.166
v -3.774 		-88 		53.462
v -3.6 		-88 		53.755
v -3.382 		-88 		54.026
v -3.123 		-88 		54.271
v -2.828 		-88 		54.487
v -2.501 		-88 		54.668
v -2.149 		-88 		54.813
v -1.777 		-88 		54.917
v -1.392 		-88 		54.981
v -1 		-88 		55.003
v -0.608 		-88 		54.981
v -0.223 		-88 		54.917
v -3.5 		-88 		56.398
v -2.913 		-88 		56.658
v -2.294 		-88 		56.847
v -1.653 		-88 		56.962
v -1 		-88 		57
v -0.347 		-88 		56.962
v -5.83 		-88 		53.67
v -5.619 		-88 		54.226
v -5.33 		-88 		54.753
v -4.967 		-88 		55.242
v -4.536 		-88 		55.684
v -4.044 		-88 		56.071
v -5.83 		-88 		51.344
v -5.957 		-88 		51.92
v -6 		-88 		52.507
v -5.957 		-88 		53.093
# 192 vertices

g group_2_2829873

usemtl color_2829873
s 0

f 27 	35 	24
f 28 	44 	27
f 29 	43 	28
f 31 	42 	29
f 39 	40 	45
f 32 	41 	31
f 35 	36 	24
f 21 	24 	36
f 21 	36 	37
f 101 	100 	37
f 41 	32 	40
f 42 	31 	41
f 43 	29 	42
f 44 	28 	43
f 35 	27 	44
f 32 	45 	40
f 47 	49 	66
f 65 	66 	49
f 57 	74 	55
f 59 	79 	58
f 58 	73 	57
f 61 	78 	59
f 128 	76 	63
f 61 	63 	77
f 39 	47 	66
f 45 	47 	39
f 51 	70 	49
f 68 	69 	52
f 54 	55 	67
f 74 	67 	55
f 67 	68 	54
f 52 	54 	68
f 52 	69 	51
f 70 	51 	69
f 65 	49 	70
f 77 	78 	61
f 74 	57 	73
f 79 	59 	78
f 73 	58 	79
f 77 	63 	76
f 82 	112 	80
f 84 	111 	82
f 85 	110 	84
f 86 	109 	85
f 103 	104 	92
f 102 	103 	95
f 97 	102 	95
f 100 	101 	99
f 21 	37 	100
f 99 	102 	97
f 102 	99 	101
f 92 	95 	103
f 90 	92 	104
f 104 	105 	90
f 106 	89 	105
f 137 	123 	108
f 89 	106 	86
f 90 	105 	89
f 109 	86 	106
f 110 	85 	109
f 111 	84 	110
f 111 	112 	82
f 107 	80 	112
f 141 	142 	115
f 115 	116 	141
f 136 	141 	116
f 118 	135 	117
f 131 	132 	121
f 120 	133 	119
f 107 	108 	124
f 130 	122 	137
f 123 	124 	108
f 80 	107 	124
f 129 	140 	128
f 138 	139 	126
f 144 	138 	127
f 127 	113 	144
f 114 	115 	142
f 116 	117 	136
f 119 	134 	118
f 142 	143 	114
f 113 	114 	143
f 133 	120 	132
f 120 	121 	132
f 134 	119 	133
f 135 	118 	134
f 136 	117 	135
f 121 	122 	131
f 130 	131 	122
f 123 	137 	122
f 76 	128 	140
f 140 	129 	139
f 126 	127 	138
f 143 	144 	113
f 125 	126 	139
f 129 	125 	139
f 152 	153 	145
f 149 	148 	156
f 148 	147 	155
f 154 	155 	147
f 155 	156 	148
f 147 	146 	154
f 153 	154 	146
f 146 	145 	153
f 158 	150 	157
f 150 	149 	157
f 156 	157 	149
f 161 	151 	159
f 160 	161 	159
f 151 	150 	158
f 162 	161 	160
f 158 	159 	151
f 173 	174 	163
f 164 	163 	175
f 177 	178 	166
f 179 	180 	168
f 169 	168 	180
f 142 	141 	93
f 180 	181 	169
f 170 	169 	181
f 181 	182 	170
f 43 	156 	44
f 175 	176 	164
f 165 	164 	176
f 166 	165 	177
f 176 	177 	165
f 178 	179 	167
f 168 	167 	179
f 167 	166 	178
f 174 	175 	163
f 163 	162 	173
f 160 	173 	162
f 172 	171 	183
f 183 	184 	172
f 185 	64 	204
f 205 	206 	186
f 188 	208 	189
f 190 	189 	197
f 197 	198 	190
f 191 	190 	198
f 198 	199 	191
f 195 	202 	196
f 196 	152 	145
f 194 	193 	201
f 192 	191 	199
f 199 	200 	192
f 193 	192 	200
f 200 	201 	193
f 195 	194 	201
f 201 	202 	195
f 152 	196 	202
f 187 	186 	206
f 206 	207 	187
f 188 	187 	207
f 208 	188 	207
f 197 	189 	208
f 186 	185 	205
f 204 	205 	185
f 75 	71 	98
f 98 	96 	75
f 38 	26 	46
f 48 	46 	25
f 26 	25 	46
f 25 	23 	48
f 50 	48 	23
f 62 	60 	212
f 83 	81 	87
f 72 	83 	88
f 88 	98 	71
f 171 	170 	182
f 182 	183 	171
f 81 	172 	184
f 96 	94 	30
f 30 	75 	96
f 184 	87 	81
f 87 	88 	83
f 210 	211 	60
f 60 	56 	210
f 209 	210 	56
f 56 	53 	209
f 22 	209 	53
f 212 	203 	62
f 64 	62 	203
f 203 	204 	64
f 211 	212 	60
f 53 	50 	22
f 23 	22 	50
f 93 	91 	34
f 34 	33 	93
f 94 	93 	33
f 38 	34 	91
f 26 	38 	91
f 33 	30 	94
f 71 	72 	88
f 169 	170 	58
f 59 	170 	171
f 43 	157 	156
f 155 	44 	156
f 77 	184 	183
f 154 	44 	155
f 37 	36 	152
f 28 	147 	148
f 28 	148 	149
f 32 	150 	151
f 180 	179 	73
f 179 	74 	73
f 47 	161 	162
f 47 	162 	163
f 176 	69 	177
f 175 	69 	176
f 54 	165 	166
f 54 	166 	167
f 169 	58 	168
f 177 	69 	68
f 73 	181 	180
f 167 	55 	54
f 152 	202 	101
f 202 	201 	101
f 131 	210 	209
f 170 	59 	58
f 77 	183 	182
f 201 	102 	101
f 82 	80 	186
f 186 	187 	82
f 111 	206 	205
f 131 	130 	210
f 86 	188 	189
f 190 	86 	189
f 123 	60 	62
f 137 	108 	212
f 211 	130 	212
f 134 	22 	23
f 23 	25 	134
f 200 	199 	104
f 104 	199 	105
f 198 	105 	199
f 105 	198 	197
f 111 	110 	206
f 116 	115 	38
f 116 	38 	46
f 122 	121 	60
f 122 	60 	123
f 123 	62 	64
f 126 	125 	71
f 125 	129 	72
f 152 	101 	37
f 110 	208 	207
f 200 	103 	201
f 200 	104 	103
f 109 	106 	208
f 185 	186 	80
f 187 	84 	82
f 203 	108 	204
f 203 	212 	108
f 187 	188 	84
f 85 	84 	188
f 192 	193 	92
f 86 	85 	188
f 194 	97 	193
f 190 	89 	86
f 92 	90 	192
f 95 	92 	193
f 95 	193 	97
f 211 	210 	130
f 194 	195 	97
f 133 	209 	22
f 212 	130 	137
f 22 	134 	133
f 135 	25 	26
f 48 	50 	118
f 83 	129 	128
f 83 	72 	129
f 87 	184 	140
f 94 	143 	142
f 94 	96 	143
f 144 	96 	138
f 98 	88 	138
f 175 	174 	70
f 161 	47 	45
f 149 	150 	29
f 179 	178 	74
f 67 	74 	178
f 68 	67 	178
f 47 	163 	49
f 49 	163 	51
f 51 	165 	52
f 52 	165 	54
f 127 	75 	30
f 184 	76 	140
f 76 	184 	77
f 115 	33 	34
f 182 	78 	77
f 78 	182 	79
f 181 	79 	182
f 34 	38 	115
f 181 	73 	79
f 48 	118 	46
f 53 	120 	50
f 56 	121 	53
f 120 	53 	121
f 56 	60 	121
f 109 	208 	110
f 207 	206 	110
f 80 	64 	185
f 112 	111 	205
f 107 	112 	204
f 72 	71 	125
f 204 	108 	107
f 126 	71 	127
f 75 	127 	71
f 63 	172 	128
f 81 	83 	128
f 139 	88 	140
f 87 	140 	88
f 141 	26 	91
f 91 	93 	141
f 142 	93 	94
f 144 	143 	96
f 98 	138 	96
f 139 	138 	88
f 39 	66 	160
f 159 	40 	160
f 41 	40 	158
f 157 	42 	158
f 97 	195 	99
f 35 	154 	36
f 195 	196 	99
f 153 	152 	36
f 31 	29 	150
f 31 	150 	32
f 32 	151 	161
f 177 	68 	178
f 175 	70 	69
f 65 	70 	174
f 173 	66 	174
f 65 	174 	66
f 173 	160 	66
f 45 	32 	161
f 164 	51 	163
f 51 	164 	165
f 55 	167 	57
f 168 	57 	167
f 168 	58 	57
f 33 	114 	30
f 61 	59 	171
f 172 	63 	171
f 61 	171 	63
f 81 	128 	172
f 39 	160 	40
f 159 	158 	40
f 41 	158 	42
f 157 	43 	42
f 44 	154 	35
f 153 	36 	154
f 21 	100 	145
f 146 	24 	145
f 21 	145 	24
f 146 	147 	24
f 27 	24 	147
f 147 	28 	27
f 149 	29 	28
f 201 	103 	102
f 105 	197 	106
f 197 	208 	106
f 205 	204 	112
f 89 	190 	90
f 191 	90 	190
f 191 	192 	90
f 99 	196 	100
f 196 	145 	100
f 209 	132 	131
f 133 	132 	209
f 25 	135 	134
f 136 	135 	26
f 141 	136 	26
f 50 	120 	119
f 124 	123 	64
f 124 	64 	80
f 30 	113 	127
f 113 	30 	114
f 114 	33 	115
f 116 	46 	117
f 46 	118 	117
f 50 	119 	118
# 384 faces

 #end of obj_2

o obj_3
v 0.001 		-89 		53.802
v 0.219 		-89 		53.693
v -2.589 		-89 		51.596
v -2.734 		-89 		51.759
v 0.416 		-89 		53.564
v -2.001 		-82 		51.211
v -1.766 		-82 		51.125
v 0.589 		-89 		53.417
v -2.85 		-89 		51.934
v 1.974 		-82 		52.832
v 2 		-82 		52.507
v 0.734 		-89 		53.255
v -2.934 		-89 		52.119
v 1.898 		-82 		53.152
v -2.985 		-89 		52.311
v -3.003 		-89 		52.507
v -0.234 		-82 		51.125
v -2.985 		-89 		52.702
v -0.482 		-82 		51.062
v -2.219 		-89 		53.693
v -2.416 		-89 		53.564
v -2.934 		-89 		52.894
v -0.739 		-82 		51.024
v -2.85 		-89 		53.079
v -1 		-82 		51.011
v 0.826 		-89 		54.485
v 0.5 		-89 		54.666
v 0.148 		-89 		54.81
v -2.001 		-89 		53.802
v -1 		-82 		50.013
v -1.392 		-82 		50.035
v -1.776 		-82 		50.098
v -2.985 		-82 		52.311
v -1.766 		-89 		53.889
v -0.224 		-82 		50.098
v -0.608 		-82 		50.035
v -2.934 		-82 		52.119
v -2.826 		-89 		50.529
v -2.5 		-89 		50.347
v -2.148 		-89 		50.203
v -2.219 		-82 		51.32
v -1.518 		-89 		53.952
v -3.003 		-82 		52.507
v -2.416 		-82 		51.449
v -1.261 		-89 		53.99
v -2.985 		-82 		52.702
v -2.589 		-82 		51.596
v -3.898 		-89 		53.152
v -3.974 		-89 		52.832
v -4 		-89 		52.507
v -2.934 		-82 		52.894
v -3.974 		-89 		52.181
v -1 		-89 		54.003
v -2.734 		-82 		51.759
v 1.772 		-89 		53.461
v 1.598 		-89 		53.753
v 1.38 		-89 		54.025
v 1.121 		-89 		54.27
v -0.739 		-89 		53.99
v -2.85 		-82 		51.934
v -2.85 		-82 		53.079
v 0.85 		-89 		53.079
v 0.934 		-89 		52.894
v 0.985 		-89 		52.702
v 1.003 		-89 		52.507
v 0.985 		-89 		52.311
v 0.934 		-89 		52.119
v 0.85 		-89 		51.934
v 0.734 		-89 		51.759
v -2.734 		-82 		53.255
v 0.589 		-89 		51.596
v -2.148 		-82 		50.203
v -2.5 		-82 		50.347
v -2.826 		-82 		50.529
v 0.416 		-89 		51.449
v -2.589 		-82 		53.417
v 0.219 		-89 		51.32
v -2.416 		-82 		53.564
v 0.001 		-89 		51.211
v -2.219 		-82 		53.693
v -3.121 		-82 		50.744
v -3.38 		-82 		50.989
v -3.598 		-82 		51.26
v -3.772 		-82 		51.552
v -3.898 		-82 		51.861
v -3.974 		-82 		52.181
v -4 		-82 		52.507
v -3.974 		-82 		52.832
v -3.898 		-82 		53.152
v -2.001 		-82 		53.802
v 2 		-89 		52.507
v 1.974 		-89 		52.832
v 1.898 		-89 		53.152
v 1.772 		-82 		53.461
v -3.898 		-89 		51.861
v -3.772 		-89 		51.552
v -3.598 		-89 		51.26
v -3.38 		-89 		50.989
v -3.121 		-89 		50.744
v 1.598 		-82 		53.753
v 0.85 		-82 		53.079
v 1.38 		-82 		54.025
v 0.001 		-82 		53.802
v 1.121 		-82 		54.27
v 0.934 		-82 		52.894
v 0.219 		-82 		53.693
v 0.826 		-82 		54.485
v 0.416 		-82 		53.564
v 0.985 		-82 		52.702
v 0.5 		-82 		54.666
v 0.589 		-82 		53.417
v 1.003 		-82 		52.507
v 0.148 		-82 		54.81
v 0.734 		-82 		53.255
v 0.985 		-82 		52.311
v 0.934 		-82 		52.119
v 0.148 		-89 		50.203
v 1.598 		-89 		51.26
v 0.85 		-82 		51.934
v 1.772 		-89 		51.552
v 1.898 		-89 		51.861
v 1.974 		-89 		52.181
v 0.5 		-89 		50.347
v 0.826 		-89 		50.529
v 0.734 		-82 		51.759
v 1.121 		-89 		50.744
v 1.38 		-89 		50.989
v -2.734 		-89 		53.255
v 0.589 		-82 		51.596
v -1.766 		-82 		53.889
v -2.589 		-89 		53.417
v 0.416 		-82 		51.449
v -1.518 		-82 		53.952
v 0.219 		-82 		51.32
v -1.261 		-82 		53.99
v -1 		-82 		54.003
v 0.001 		-82 		51.211
v -0.739 		-82 		53.99
v -0.482 		-82 		53.952
v 0.148 		-82 		50.203
v -0.234 		-82 		53.889
v 0.5 		-82 		50.347
v -0.224 		-82 		54.915
v 0.826 		-82 		50.529
v -0.608 		-82 		54.979
v 1.121 		-82 		50.744
v -1 		-82 		55
v -0.482 		-89 		53.952
v 1.38 		-82 		50.989
v -1.392 		-82 		54.979
v 1.598 		-82 		51.26
v -0.234 		-89 		53.889
v -1.776 		-82 		54.915
v 1.772 		-82 		51.552
v -2.148 		-82 		54.81
v 1.898 		-82 		51.861
v -2.5 		-82 		54.666
v 1.974 		-82 		52.181
v -2.826 		-82 		54.485
v -0.224 		-89 		54.915
v -0.608 		-89 		54.979
v -1 		-89 		55
v -1.392 		-89 		54.979
v -1.776 		-89 		54.915
v -2.148 		-89 		54.81
v -2.5 		-89 		54.666
v -2.826 		-89 		54.485
v -3.598 		-89 		53.753
v -3.772 		-89 		53.461
v -3.121 		-82 		54.27
v -3.121 		-89 		54.27
v -3.38 		-89 		54.025
v -3.38 		-82 		54.025
v -1 		-89 		51.011
v -1.261 		-89 		51.024
v -3.598 		-82 		53.753
v -1.518 		-89 		51.062
v -1.766 		-89 		51.125
v -3.772 		-82 		53.461
v -2.001 		-89 		51.211
v -0.608 		-89 		50.035
v -1 		-89 		50.013
v -0.224 		-89 		50.098
v -0.234 		-89 		51.125
v -0.482 		-89 		51.062
v -1.776 		-89 		50.098
v -0.739 		-89 		51.024
v -1.392 		-89 		50.035
v -2.219 		-89 		51.32
v -2.416 		-89 		51.449
v -1.261 		-82 		51.024
v -1.518 		-82 		51.062
# 192 vertices

g group_3_4802115

usemtl color_4802115
s 0

f 221 	309 	216
f 216 	310 	215
f 220 	270 	217
f 213 	214 	239
f 244 	284 	219
f 228 	230 	261
f 267 	268 	274
f 224 	274 	268
f 231 	229 	247
f 236 	381 	234
f 239 	214 	238
f 381 	260 	234
f 219 	404 	244
f 243 	244 	404
f 404 	403 	243
f 242 	403 	237
f 237 	235 	242
f 247 	248 	231
f 235 	231 	248
f 242 	235 	248
f 252 	392 	251
f 251 	401 	250
f 264 	307 	227
f 250 	402 	311
f 218 	219 	284
f 284 	285 	218
f 220 	224 	269
f 270 	220 	269
f 238 	217 	270
f 268 	269 	224
f 265 	348 	271
f 266 	259 	294
f 294 	295 	266
f 276 	305 	275
f 274 	275 	267
f 272 	266 	295
f 249 	272 	296
f 277 	304 	276
f 393 	248 	395
f 255 	300 	258
f 300 	301 	258
f 258 	301 	263
f 273 	263 	391
f 283 	339 	281
f 259 	256 	293
f 293 	294 	259
f 286 	293 	256
f 256 	253 	286
f 285 	286 	253
f 253 	218 	285
f 335 	336 	289
f 287 	338 	283
f 297 	298 	245
f 295 	296 	272
f 296 	297 	249
f 245 	249 	297
f 255 	245 	298
f 298 	299 	255
f 300 	255 	299
f 261 	262 	228
f 260 	261 	230
f 230 	234 	260
f 262 	264 	228
f 227 	228 	264
f 225 	308 	221
f 225 	227 	307
f 308 	225 	307
f 309 	221 	308
f 310 	216 	309
f 311 	215 	310
f 239 	238 	322
f 319 	322 	238
f 325 	322 	315
f 322 	325 	240
f 322 	240 	239
f 318 	315 	322
f 323 	220 	217
f 399 	397 	235
f 323 	224 	220
f 399 	235 	386
f 315 	214 	213
f 267 	275 	305
f 304 	305 	276
f 303 	304 	277
f 278 	334 	277
f 332 	333 	279
f 280 	281 	330
f 339 	330 	281
f 330 	332 	280
f 279 	333 	278
f 279 	280 	332
f 334 	278 	333
f 303 	277 	334
f 320 	217 	214
f 217 	320 	323
f 329 	335 	291
f 335 	289 	291
f 287 	289 	336
f 336 	338 	287
f 339 	283 	338
f 358 	338 	336
f 313 	274 	224
f 339 	338 	358
f 383 	384 	343
f 340 	380 	236
f 339 	363 	330
f 233 	383 	343
f 318 	214 	315
f 232 	379 	233
f 320 	214 	318
f 332 	330 	363
f 241 	378 	232
f 368 	333 	332
f 326 	224 	323
f 334 	333 	368
f 350 	271 	348
f 313 	224 	326
f 223 	303 	334
f 351 	271 	350
f 254 	257 	375
f 376 	377 	246
f 303 	223 	304
f 222 	304 	223
f 395 	247 	352
f 329 	395 	352
f 265 	271 	374
f 226 	305 	304
f 226 	304 	222
f 329 	352 	335
f 354 	335 	352
f 240 	325 	372
f 355 	372 	325
f 373 	374 	271
f 383 	233 	379
f 356 	336 	335
f 356 	335 	354
f 226 	306 	305
f 355 	357 	372
f 315 	213 	353
f 336 	356 	358
f 242 	248 	393
f 361 	339 	358
f 364 	213 	240
f 362 	365 	376
f 363 	339 	361
f 274 	313 	317
f 274 	317 	275
f 240 	372 	364
f 239 	240 	213
f 217 	238 	214
f 366 	332 	363
f 365 	367 	376
f 321 	276 	317
f 275 	317 	276
f 332 	366 	368
f 276 	321 	324
f 276 	324 	277
f 370 	334 	368
f 271 	360 	373
f 360 	364 	372
f 372 	373 	360
f 257 	265 	374
f 374 	375 	257
f 375 	376 	254
f 246 	254 	376
f 241 	246 	377
f 377 	378 	241
f 379 	232 	378
f 223 	334 	370
f 327 	278 	324
f 277 	324 	278
f 310 	294 	311
f 278 	327 	328
f 278 	328 	279
f 340 	343 	384
f 384 	380 	340
f 381 	236 	380
f 351 	360 	271
f 331 	280 	328
f 279 	328 	280
f 353 	364 	360
f 353 	360 	351
f 280 	331 	337
f 280 	337 	281
f 323 	320 	316
f 319 	316 	320
f 320 	318 	319
f 322 	319 	318
f 392 	252 	390
f 213 	364 	353
f 341 	283 	337
f 281 	337 	283
f 393 	394 	242
f 252 	398 	390
f 283 	341 	344
f 283 	344 	287
f 397 	399 	393
f 252 	284 	398
f 346 	289 	344
f 287 	344 	289
f 399 	386 	394
f 386 	387 	394
f 394 	400 	242
f 288 	343 	282
f 289 	346 	349
f 289 	349 	291
f 290 	233 	343
f 290 	343 	288
f 404 	389 	387
f 396 	397 	395
f 395 	329 	396
f 291 	396 	329
f 393 	395 	397
f 394 	393 	399
f 400 	394 	387
f 400 	387 	389
f 389 	390 	398
f 400 	389 	398
f 292 	232 	233
f 292 	233 	290
f 389 	404 	390
f 357 	373 	372
f 241 	232 	292
f 402 	250 	401
f 401 	251 	392
f 359 	374 	373
f 359 	373 	357
f 215 	311 	402
f 374 	359 	375
f 362 	375 	359
f 302 	241 	292
f 362 	376 	375
f 291 	349 	396
f 241 	302 	246
f 342 	246 	302
f 376 	367 	377
f 396 	229 	397
f 316 	314 	323
f 306 	313 	312
f 313 	326 	312
f 378 	377 	369
f 367 	369 	377
f 345 	254 	246
f 345 	246 	342
f 369 	371 	379
f 369 	379 	378
f 345 	347 	254
f 257 	254 	347
f 383 	379 	382
f 379 	371 	382
f 314 	312 	326
f 326 	323 	314
f 348 	265 	347
f 257 	347 	265
f 382 	385 	384
f 382 	384 	383
f 306 	226 	317
f 317 	313 	306
f 380 	384 	388
f 385 	388 	384
f 388 	391 	381
f 388 	381 	380
f 258 	230 	255
f 328 	366 	331
f 366 	363 	331
f 337 	361 	341
f 344 	341 	358
f 358 	356 	344
f 282 	340 	236
f 263 	234 	258
f 230 	258 	234
f 308 	295 	309
f 346 	344 	356
f 356 	354 	346
f 349 	352 	229
f 343 	340 	282
f 295 	310 	309
f 234 	263 	273
f 234 	273 	236
f 223 	370 	324
f 327 	324 	370
f 370 	368 	327
f 328 	327 	368
f 361 	337 	363
f 337 	331 	363
f 366 	328 	368
f 222 	223 	324
f 324 	321 	222
f 226 	222 	321
f 321 	317 	226
f 286 	250 	311
f 358 	341 	361
f 349 	346 	354
f 352 	349 	354
f 247 	229 	352
f 236 	273 	282
f 391 	388 	273
f 267 	305 	306
f 251 	250 	286
f 267 	306 	268
f 312 	268 	306
f 388 	385 	282
f 282 	273 	388
f 284 	252 	251
f 268 	312 	269
f 314 	269 	312
f 290 	288 	382
f 382 	371 	290
f 270 	269 	316
f 314 	316 	269
f 244 	398 	284
f 292 	290 	371
f 319 	238 	316
f 316 	238 	270
f 371 	369 	292
f 369 	367 	302
f 247 	395 	248
f 256 	402 	401
f 362 	359 	347
f 359 	357 	350
f 402 	256 	215
f 351 	355 	353
f 315 	353 	325
f 244 	243 	398
f 400 	398 	243
f 400 	243 	242
f 367 	365 	342
f 342 	302 	367
f 345 	342 	365
f 365 	362 	345
f 347 	345 	362
f 348 	347 	359
f 350 	348 	359
f 350 	357 	351
f 355 	351 	357
f 325 	353 	355
f 386 	237 	387
f 403 	387 	237
f 288 	282 	385
f 385 	382 	288
f 302 	292 	369
f 391 	263 	301
f 242 	243 	403
f 387 	403 	404
f 249 	225 	221
f 219 	390 	404
f 245 	227 	225
f 245 	225 	249
f 390 	219 	392
f 218 	392 	219
f 255 	228 	245
f 227 	245 	228
f 218 	253 	392
f 228 	255 	230
f 229 	396 	349
f 231 	397 	229
f 397 	231 	235
f 235 	237 	386
f 381 	391 	260
f 301 	260 	391
f 301 	300 	260
f 261 	260 	300
f 261 	300 	262
f 299 	262 	300
f 264 	262 	298
f 299 	298 	262
f 264 	298 	307
f 297 	307 	298
f 307 	297 	308
f 296 	308 	297
f 296 	295 	308
f 310 	295 	294
f 293 	311 	294
f 311 	293 	286
f 285 	251 	286
f 284 	251 	285
f 253 	401 	392
f 401 	253 	256
f 259 	215 	256
f 215 	259 	216
f 266 	216 	259
f 266 	272 	216
f 221 	216 	272
f 249 	221 	272
# 384 faces

 #end of obj_3

o obj_4
v 3 		-27 		26
v 3 		-27 		46
v 3 		-29 		26
v 3 		-29 		46
v -5 		-29 		26
v -5 		-29 		46
v -5 		-27 		26
v -5 		-27 		46
# 8 vertices

g group_4_16448250

usemtl color_16448250
s 0

f 405 	406 	407
f 406 	408 	407
f 409 	410 	411
f 410 	412 	411
f 409 	411 	407
f 411 	405 	407
f 412 	410 	406
f 410 	408 	406
f 411 	412 	405
f 412 	406 	405
f 407 	408 	409
f 408 	410 	409
# 12 faces

 #end of obj_4

o obj_5
v 3 		-29 		26
v 3 		-9 		26
v 3 		-29 		28
v 3 		-9 		28
v -5 		-29 		28
v -5 		-9 		28
v -5 		-29 		26
v -5 		-9 		26
# 8 vertices

g group_5_16448250

usemtl color_16448250
s 0

f 413 	414 	415
f 414 	416 	415
f 417 	418 	419
f 418 	420 	419
f 417 	419 	415
f 419 	413 	415
f 420 	418 	414
f 418 	416 	414
f 419 	420 	413
f 420 	414 	413
f 415 	416 	417
f 416 	418 	417
# 12 faces

 #end of obj_5

o obj_6
v 2.3271 		-14.3168 		45.0577
v 2.3271 		-14.3894 		45.0827
v 2.3271 		-14.5763 		45.0847
v 2.3271 		-14.1257 		44.8772
v 2.3271 		-14.2509 		45.0188
v 2.3271 		-14 		43.779
v 2.3271 		-14.0325 		44.7204
v 2.3271 		-14.1118 		41.4874
v 2.3271 		-14.0111 		42.8293
v 2.3271 		-14.4048 		39.4776
v 2.3271 		-14.2509 		40.1498
v 2.3271 		-14.8423 		38.1215
v 2.3271 		-14.5918 		38.8127
v 2.3271 		-15.3349 		36.9948
v 2.3271 		-15.1139 		37.4383
v 2.3271 		-15.9602 		35.9228
v 2.3271 		-15.572 		36.5593
v 2.3271 		-17.029 		34.5207
v 2.3271 		-16.371 		35.3021
v 2.3271 		-18.3072 		33.2883
v 2.3271 		-17.7188 		33.7679
v 2.3271 		-20.2087 		31.6596
v 2.3271 		-19.9935 		31.8289
v 2.3271 		-19.4507 		32.325
v 2.3271 		-20.8127 		31.2519
v 2.3271 		-20.4303 		31.4986
v 2.3271 		-21.3508 		31
v 2.3271 		-21.2027 		31.0245
v 2.3271 		-21.6386 		31.0636
v 2.3271 		-21.501 		31.0032
v 2.3271 		-21.8546 		31.3088
v 2.3271 		-21.7621 		31.147
v 2.3271 		-21.8875 		31.6688
v 2.3271 		-21.9166 		31.4826
v 2.3271 		-21.2508 		32.2482
v 2.3271 		-21.8153 		31.8395
v 2.3271 		-19.254 		33.8888
v 2.3271 		-20.0254 		33.2672
v 2.3271 		-20.3464 		32.9564
v 2.3271 		-15.0589 		44.692
v 2.3271 		-15.0766 		44.5713
v 2.3271 		-15.0749 		43.7405
v 2.3271 		-14.8994 		44.9454
v 2.3271 		-15.0233 		44.8057
v 2.3271 		-14.7569 		45.0614
v 2.3271 		-18.9067 		32.8197
v 2.3271 		-20.67 		32.6492
v 2.3271 		-15.0766 		42.9092
v 2.3271 		-18.4859 		34.5137
v 2.3271 		-15.1463 		41.827
v 2.3271 		-15.2364 		40.7464
v 2.3271 		-18.1496 		34.8538
v 2.3271 		-15.3037 		40.351
v 2.3271 		-17.8253 		35.2062
v 2.3271 		-15.3855 		39.958
v 2.3271 		-17.5276 		35.5567
v 2.3271 		-15.4964 		39.522
v 2.3271 		-17.2394 		35.9147
v 2.3271 		-15.6199 		39.0897
v 2.3271 		-16.9747 		36.2994
v 2.3271 		-15.8421 		38.4839
v 2.3271 		-16.7226 		36.6925
v 2.3271 		-16.0834 		37.8858
v 2.3271 		-16.3941 		37.2846
v -3 		-14.5763 		45.0847
v -3 		-14.3894 		45.0827
v -3 		-14.3168 		45.0577
v -3 		-14.2509 		45.0188
v -3 		-14.1257 		44.8772
v -3 		-14.0325 		44.7204
v -3 		-14 		43.779
v -3 		-14.0111 		42.8293
v -3 		-14.1118 		41.4874
v -3 		-14.2509 		40.1498
v -3 		-14.4048 		39.4776
v -3 		-14.5918 		38.8127
v -3 		-14.8423 		38.1215
v -3 		-15.1139 		37.4383
v -3 		-15.3349 		36.9948
v -3 		-15.572 		36.5593
v -3 		-15.9602 		35.9228
v -3 		-16.371 		35.3021
v -3 		-17.029 		34.5207
v -3 		-17.7188 		33.7679
v -3 		-18.3072 		33.2883
v -3 		-19.4507 		32.325
v -3 		-19.9935 		31.8289
v -3 		-20.2087 		31.6596
v -3 		-20.4303 		31.4986
v -3 		-20.8127 		31.2519
v -3 		-21.2027 		31.0245
v -3 		-21.3508 		31
v -3 		-21.501 		31.0032
v -3 		-21.6386 		31.0636
v -3 		-21.7621 		31.147
v -3 		-21.8546 		31.3088
v -3 		-21.9166 		31.4826
v -3 		-21.8875 		31.6688
v -3 		-21.8153 		31.8395
v -3 		-21.2508 		32.2482
v -3 		-20.3464 		32.9564
v -3 		-20.0254 		33.2672
v -3 		-19.254 		33.8888
v -3 		-15.0749 		43.7405
v -3 		-15.0766 		44.5713
v -3 		-15.0589 		44.692
v -3 		-15.0233 		44.8057
v -3 		-14.8994 		44.9454
v -3 		-14.7569 		45.0614
v -3 		-18.9067 		32.8197
v -3 		-20.67 		32.6492
v -3 		-15.0766 		42.9092
v -3 		-18.4859 		34.5137
v -3 		-15.1463 		41.827
v -3 		-15.2364 		40.7464
v -3 		-18.1496 		34.8538
v -3 		-15.3037 		40.351
v -3 		-17.8253 		35.2062
v -3 		-15.3855 		39.958
v -3 		-17.5276 		35.5567
v -3 		-15.4964 		39.522
v -3 		-17.2394 		35.9147
v -3 		-15.6199 		39.0897
v -3 		-16.9747 		36.2994
v -3 		-15.8421 		38.4839
v -3 		-16.7226 		36.6925
v -3 		-16.0834 		37.8858
v -3 		-16.3941 		37.2846
# 128 vertices

g group_6_2829873

usemtl color_2829873
s 0

f 421 	422 	423
f 424 	425 	421
f 426 	427 	424
f 428 	429 	426
f 430 	431 	428
f 432 	433 	430
f 434 	435 	432
f 436 	437 	434
f 438 	439 	436
f 440 	441 	438
f 442 	443 	444
f 445 	446 	442
f 447 	448 	445
f 449 	450 	447
f 451 	452 	449
f 453 	454 	451
f 455 	456 	453
f 457 	458 	459
f 460 	461 	462
f 463 	464 	460
f 423 	465 	463
f 424 	421 	423
f 428 	426 	424
f 432 	430 	428
f 436 	434 	432
f 440 	438 	436
f 442 	444 	466
f 447 	445 	442
f 451 	449 	447
f 455 	453 	451
f 457 	459 	467
f 460 	462 	468
f 423 	463 	460
f 428 	424 	423
f 436 	432 	428
f 466 	440 	436
f 447 	442 	466
f 455 	451 	447
f 469 	457 	467
f 423 	460 	468
f 436 	428 	423
f 447 	466 	436
f 467 	455 	447
f 423 	468 	470
f 467 	447 	436
f 423 	470 	471
f 469 	467 	436
f 436 	423 	471
f 472 	469 	436
f 436 	471 	473
f 474 	472 	436
f 436 	473 	475
f 476 	474 	436
f 436 	475 	477
f 478 	476 	436
f 436 	477 	479
f 480 	478 	436
f 436 	479 	481
f 482 	480 	436
f 436 	481 	483
f 484 	482 	436
f 436 	483 	484
f 485 	486 	487
f 487 	488 	489
f 489 	490 	491
f 491 	492 	493
f 493 	494 	495
f 495 	496 	497
f 497 	498 	499
f 499 	500 	501
f 501 	502 	503
f 503 	504 	505
f 506 	507 	508
f 508 	509 	510
f 510 	511 	512
f 512 	513 	514
f 514 	515 	516
f 516 	517 	518
f 518 	519 	520
f 521 	522 	523
f 524 	525 	526
f 526 	527 	528
f 528 	529 	485
f 485 	487 	489
f 489 	491 	493
f 493 	495 	497
f 497 	499 	501
f 501 	503 	505
f 530 	506 	508
f 508 	510 	512
f 512 	514 	516
f 516 	518 	520
f 531 	521 	523
f 532 	524 	526
f 526 	528 	485
f 485 	489 	493
f 493 	497 	501
f 501 	505 	530
f 530 	508 	512
f 512 	516 	520
f 531 	523 	533
f 532 	526 	485
f 485 	493 	501
f 501 	530 	512
f 512 	520 	531
f 534 	532 	485
f 501 	512 	531
f 535 	534 	485
f 501 	531 	533
f 535 	485 	501
f 501 	533 	536
f 537 	535 	501
f 501 	536 	538
f 539 	537 	501
f 501 	538 	540
f 541 	539 	501
f 501 	540 	542
f 543 	541 	501
f 501 	542 	544
f 545 	543 	501
f 501 	544 	546
f 547 	545 	501
f 501 	546 	548
f 548 	547 	501
f 421 	425 	487
f 425 	488 	487
f 425 	424 	488
f 424 	489 	488
f 424 	427 	489
f 427 	490 	489
f 427 	426 	490
f 426 	491 	490
f 426 	429 	491
f 429 	492 	491
f 429 	428 	492
f 428 	493 	492
f 428 	431 	493
f 431 	494 	493
f 431 	430 	494
f 430 	495 	494
f 430 	433 	495
f 433 	496 	495
f 433 	432 	496
f 432 	497 	496
f 432 	435 	497
f 435 	498 	497
f 435 	434 	498
f 434 	499 	498
f 434 	437 	499
f 437 	500 	499
f 437 	436 	500
f 436 	501 	500
f 436 	439 	501
f 439 	502 	501
f 439 	438 	502
f 438 	503 	502
f 438 	441 	503
f 441 	504 	503
f 441 	440 	504
f 440 	505 	504
f 440 	466 	505
f 466 	530 	505
f 466 	444 	530
f 444 	506 	530
f 444 	443 	506
f 443 	507 	506
f 443 	442 	507
f 442 	508 	507
f 442 	446 	508
f 446 	509 	508
f 446 	445 	509
f 445 	510 	509
f 445 	448 	510
f 448 	511 	510
f 448 	447 	511
f 447 	512 	511
f 447 	450 	512
f 450 	513 	512
f 450 	449 	513
f 449 	514 	513
f 449 	452 	514
f 452 	515 	514
f 452 	451 	515
f 451 	516 	515
f 451 	454 	516
f 454 	517 	516
f 454 	453 	517
f 453 	518 	517
f 453 	456 	518
f 456 	519 	518
f 456 	455 	519
f 455 	520 	519
f 455 	467 	520
f 467 	531 	520
f 467 	459 	531
f 459 	521 	531
f 459 	458 	521
f 458 	522 	521
f 458 	457 	522
f 457 	523 	522
f 457 	469 	523
f 469 	533 	523
f 469 	472 	533
f 472 	536 	533
f 472 	474 	536
f 474 	538 	536
f 474 	476 	538
f 476 	540 	538
f 476 	478 	540
f 478 	542 	540
f 478 	480 	542
f 480 	544 	542
f 480 	482 	544
f 482 	546 	544
f 482 	484 	546
f 484 	548 	546
f 484 	483 	548
f 483 	547 	548
f 483 	481 	547
f 481 	545 	547
f 481 	479 	545
f 479 	543 	545
f 479 	477 	543
f 477 	541 	543
f 477 	475 	541
f 475 	539 	541
f 475 	473 	539
f 473 	537 	539
f 473 	471 	537
f 471 	535 	537
f 471 	470 	535
f 470 	534 	535
f 470 	468 	534
f 468 	532 	534
f 468 	462 	532
f 462 	524 	532
f 462 	461 	524
f 461 	525 	524
f 461 	460 	525
f 460 	526 	525
f 460 	464 	526
f 464 	527 	526
f 464 	463 	527
f 463 	528 	527
f 463 	465 	528
f 465 	529 	528
f 465 	423 	529
f 423 	485 	529
f 423 	422 	485
f 422 	486 	485
f 422 	421 	486
f 421 	487 	486
# 252 faces

 #end of obj_6

o obj_7
v -2 		5.7635 		56.0481
v -2 		7.2415 		59.6175
v -2 		4.6259 		56.519
v -2 		6.104 		60.0884
v -0.1012 		4.6259 		56.519
v -0.1012 		6.104 		60.0884
v -0.1012 		5.7635 		56.0481
v -0.1012 		7.2415 		59.6175
# 8 vertices

g group_7_2829873

usemtl color_2829873
s 0

f 550 	549 	551
f 552 	550 	551
f 554 	553 	555
f 556 	554 	555
f 555 	553 	551
f 549 	555 	551
f 554 	556 	550
f 552 	554 	550
f 556 	555 	549
f 550 	556 	549
f 552 	551 	553
f 554 	552 	553
# 12 faces

 #end of obj_7

o obj_8
v 7.998 		-0.363 		46.184
v 7.998 		-1.349 		45.97
v 9 		-1.349 		45.97
v 9 		-0.363 		46.184
v -11 		-1.349 		45.97
v -9.998 		-1.349 		45.97
v -9.998 		-0.363 		46.184
v -11 		-0.363 		46.184
v 9 		0.651 		45.97
v 7.998 		0.651 		45.97
v 7.998 		1.638 		46.184
v 9 		1.638 		46.184
v -9.998 		0.651 		45.97
v -11 		0.651 		45.97
v -9.998 		1.638 		46.184
v -11 		1.638 		46.184
v 9 		2.652 		45.97
v 7.998 		2.652 		45.97
v 7.998 		3.639 		46.184
v 9 		3.639 		46.184
v -9.998 		2.652 		45.97
v -11 		2.652 		45.97
v -9.998 		3.639 		46.184
v -11 		3.639 		46.184
v 9 		4.653 		45.97
v 7.998 		4.653 		45.97
v 7.998 		5.639 		46.184
v 9 		5.639 		46.184
v -9.998 		4.653 		45.97
v -11 		4.653 		45.97
v -9.998 		5.639 		46.184
v -11 		5.639 		46.184
v 9 		-7.351 		45.97
v 9 		-9 		58.7647
v 9 		-7.002 		58.788
v 9 		-6.365 		46.184
v 9 		-5.001 		58.788
v 9 		-3 		58.788
v 9 		-1 		58.788
v 9 		1.001 		58.788
v 9 		3.002 		58.788
v 9 		3.988 		59.003
v 9 		11 		51.9986
v 9 		1.988 		59.003
v 9 		-0.013 		59.003
v 9 		-2.014 		59.003
v 9 		3.001 		60
v 9 		-4.015 		59.003
v 9 		-6.015 		59.003
v 9 		-3.4391 		60
v 9 		-8.016 		59.003
v 9 		-9 		60
v 9 		-9 		58.7886
v 9 		-5.351 		45.97
v 9 		-4.364 		46.184
v 9 		-3.35 		45.97
v 9 		-2.363 		46.184
v 9 		-9 		0
v 9 		11 		0
v -11 		-9 		58.7647
v -11 		-7.351 		45.97
v -11 		-7.002 		58.788
v -11 		-6.365 		46.184
v -11 		-3.4391 		60
v -11 		-9 		60
v -11 		-9 		0
v -11 		11 		0
v 7.998 		-9 		58.7647
v -9.998 		-9 		58.7647
v 7.998 		-9 		58.7886
v -9.998 		-9 		58.7886
v -11 		-9 		58.7886
v -11 		11 		51.9986
v -11 		3.001 		60
v 0.003 		4.1147 		58.886
v -1.901 		4.1147 		58.886
v -1.901 		10.4821 		52.5167
v 0.003 		10.4821 		52.5167
v 7.998 		-7.351 		45.97
v 7.998 		-6.365 		46.184
v 7.998 		-8.016 		59.003
v 7.998 		-7.002 		58.788
v 7.998 		-6.015 		59.003
v 7.998 		-5.001 		58.788
v 7.998 		-4.015 		59.003
v 7.998 		-3 		58.788
v 7.998 		-2.014 		59.003
v 7.998 		-1 		58.788
v 7.998 		-0.013 		59.003
v 7.998 		1.001 		58.788
v 7.998 		1.988 		59.003
v 7.998 		3.002 		58.788
v 7.998 		3.988 		59.003
v -9.998 		-7.351 		45.97
v -9.998 		-6.365 		46.184
v -9.998 		-8.016 		59.003
v -11 		-8.016 		59.003
v -9.998 		-7.002 		58.788
v -9.998 		-6.015 		59.003
v -11 		-6.015 		59.003
v -9.998 		-5.001 		58.788
v -11 		-5.001 		58.788
v -9.998 		-4.015 		59.003
v -11 		-4.015 		59.003
v -9.998 		-3 		58.788
v -11 		-3 		58.788
v -9.998 		-2.014 		59.003
v -11 		-2.014 		59.003
v -9.998 		-1 		58.788
v -11 		-1 		58.788
v -9.998 		-0.013 		59.003
v -11 		-0.013 		59.003
v -9.998 		1.001 		58.788
v -11 		1.001 		58.788
v -9.998 		1.988 		59.003
v -11 		1.988 		59.003
v -9.998 		3.002 		58.788
v -11 		3.002 		58.788
v -9.998 		3.988 		59.003
v -11 		3.988 		59.003
v 0.003 		3.998 		58.766
v -1.901 		3.998 		58.766
v -1.901 		10.366 		52.398
v 0.003 		10.366 		52.398
v 7.998 		-5.351 		45.97
v 7.998 		-4.364 		46.184
v -9.998 		-5.351 		45.97
v -11 		-5.351 		45.97
v -9.998 		-4.364 		46.184
v -11 		-4.364 		46.184
v 7.998 		-3.35 		45.97
v 7.998 		-2.363 		46.184
v -11 		-3.35 		45.97
v -11 		-2.363 		46.184
v -9.998 		-3.35 		45.97
v -9.998 		-2.363 		46.184
# 136 vertices

g group_8_16448250

usemtl color_16448250
s 0

f 557 	558 	559
f 557 	559 	560
f 561 	562 	563
f 561 	563 	564
f 568 	567 	566
f 568 	566 	565
f 569 	571 	572
f 569 	572 	570
f 576 	575 	574
f 576 	574 	573
f 577 	579 	580
f 577 	580 	578
f 582 	581 	584
f 582 	584 	583
f 586 	585 	587
f 586 	587 	588
f 612 	593 	611
f 603 	600 	597
f 603 	597 	598
f 596 	603 	601
f 603 	596 	600
f 595 	601 	602
f 606 	602 	601
f 606 	601 	603
f 606 	604 	594
f 594 	602 	606
f 606 	605 	593
f 606 	593 	604
f 592 	591 	607
f 591 	605 	608
f 606 	608 	605
f 608 	609 	607
f 607 	591 	608
f 610 	591 	592
f 589 	614 	592
f 590 	614 	589
f 610 	592 	614
f 605 	611 	593
f 604 	613 	594
f 599 	603 	598
f 610 	614 	611
f 559 	594 	613
f 602 	560 	595
f 565 	595 	560
f 601 	568 	596
f 600 	576 	597
f 612 	614 	613
f 573 	596 	568
f 581 	597 	576
f 598 	584 	599
f 559 	614 	560
f 612 	611 	614
f 565 	614 	568
f 559 	613 	614
f 565 	560 	614
f 573 	614 	576
f 573 	568 	614
f 614 	615 	581
f 581 	576 	614
f 584 	581 	615
f 599 	584 	615
f 608 	606 	620
f 621 	608 	620
f 606 	603 	620
f 614 	622 	623
f 614 	623 	615
f 626 	627 	624
f 627 	625 	624
f 621 	628 	627
f 626 	608 	627
f 609 	608 	626
f 621 	627 	608
f 625 	622 	624
f 616 	622 	625
f 614 	590 	624
f 624 	622 	614
f 623 	629 	615
f 599 	615 	629
f 629 	633 	599
f 630 	603 	632
f 634 	599 	633
f 631 	632 	603
f 603 	599 	631
f 634 	631 	599
f 629 	630 	632
f 632 	633 	629
f 589 	635 	624
f 589 	624 	590
f 592 	637 	636
f 607 	637 	592
f 605 	639 	611
f 593 	687 	640
f 597 	648 	649
f 597 	649 	598
f 647 	600 	596
f 647 	596 	646
f 645 	601 	595
f 645 	595 	644
f 594 	642 	643
f 594 	643 	602
f 593 	640 	641
f 593 	641 	604
f 639 	605 	591
f 639 	591 	638
f 626 	624 	637
f 636 	637 	624
f 636 	624 	635
f 687 	688 	640
f 625 	650 	617
f 625 	617 	616
f 652 	653 	651
f 619 	651 	653
f 654 	683 	618
f 686 	655 	656
f 690 	659 	660
f 676 	675 	673
f 676 	673 	674
f 672 	671 	669
f 672 	669 	670
f 668 	667 	665
f 668 	665 	666
f 664 	663 	661
f 664 	661 	662
f 660 	659 	657
f 660 	657 	658
f 656 	655 	654
f 656 	654 	618
f 651 	625 	652
f 650 	625 	651
f 627 	652 	625
f 655 	685 	654
f 631 	677 	678
f 631 	678 	632
f 633 	679 	680
f 633 	680 	634
f 678 	677 	680
f 678 	680 	679
f 634 	680 	677
f 634 	677 	631
f 679 	633 	678
f 632 	678 	633
f 637 	607 	609
f 637 	609 	626
f 653 	652 	627
f 653 	627 	628
f 636 	635 	589
f 636 	589 	592
f 617 	650 	651
f 617 	651 	619
f 610 	681 	638
f 610 	638 	591
f 611 	639 	682
f 612 	687 	593
f 688 	613 	641
f 559 	642 	594
f 557 	560 	643
f 565 	566 	595
f 567 	601 	645
f 597 	581 	648
f 584 	598 	649
f 681 	682 	638
f 639 	638 	682
f 641 	640 	688
f 558 	557 	642
f 566 	567 	644
f 645 	644 	567
f 574 	575 	646
f 582 	583 	648
f 683 	684 	618
f 685 	655 	686
f 657 	691 	658
f 561 	662 	661
f 665 	569 	666
f 571 	667 	668
f 578 	670 	669
f 683 	654 	685
f 659 	692 	657
f 569 	665 	571
f 667 	571 	665
f 611 	682 	681
f 611 	681 	610
f 683 	685 	686
f 683 	686 	684
f 604 	641 	613
f 642 	559 	558
f 602 	643 	560
f 644 	595 	566
f 686 	656 	658
f 672 	630 	674
f 676 	674 	630
f 629 	676 	630
f 620 	630 	668
f 672 	670 	630
f 620 	668 	664
f 666 	664 	668
f 660 	620 	662
f 690 	660 	662
f 664 	662 	620
f 670 	668 	630
f 656 	620 	658
f 660 	658 	620
f 653 	621 	618
f 619 	653 	618
f 656 	618 	621
f 628 	621 	653
f 620 	656 	621
f 684 	622 	619
f 618 	684 	619
f 619 	622 	617
f 662 	561 	690
f 578 	572 	670
f 689 	622 	686
f 658 	689 	686
f 684 	686 	622
f 616 	617 	622
f 570 	564 	666
f 664 	666 	564
f 580 	672 	674
f 561 	622 	690
f 689 	690 	622
f 668 	670 	572
f 674 	586 	580
f 570 	622 	564
f 561 	564 	622
f 578 	622 	572
f 570 	572 	622
f 623 	588 	629
f 623 	622 	586
f 578 	580 	622
f 676 	629 	588
f 588 	623 	586
f 580 	586 	622
f 630 	620 	603
f 573 	574 	596
f 575 	576 	647
f 582 	648 	581
f 643 	642 	557
f 691 	689 	658
f 692 	659 	690
f 661 	562 	561
f 664 	564 	663
f 563 	663 	564
f 569 	570 	666
f 669 	577 	578
f 580 	579 	672
f 671 	672 	579
f 585 	674 	673
f 587 	675 	676
f 691 	657 	692
f 663 	563 	661
f 562 	661 	563
f 671 	579 	669
f 577 	669 	579
f 675 	587 	673
f 585 	673 	587
f 613 	688 	687
f 613 	687 	612
f 691 	692 	690
f 691 	690 	689
f 601 	567 	568
f 646 	596 	574
f 600 	647 	576
f 583 	584 	649
f 647 	646 	575
f 649 	648 	583
f 571 	668 	572
f 585 	586 	674
f 588 	587 	676
# 268 faces

 #end of obj_8

o obj_9
v 9.3 		6.7488 		3
v 9 		6.7488 		3
v 9.3 		6.7488 		32
v 9 		6.7488 		32
v 9.3 		-5 		32
v 9 		-5 		32
v 9.3 		-5 		3
v 9 		-5 		3
# 8 vertices

g group_9_4406847

usemtl color_4406847
s 0

f 693 	694 	695
f 694 	696 	695
f 697 	698 	699
f 698 	700 	699
f 697 	699 	695
f 699 	693 	695
f 700 	698 	694
f 698 	696 	694
f 699 	700 	693
f 700 	694 	693
f 695 	696 	697
f 696 	698 	697
# 12 faces

 #end of obj_9

o obj_10
v -10.5 		6.7488 		3
v -11.2 		6.7488 		3
v -10.5 		6.7488 		32
v -11.2 		6.7488 		32
v -10.5 		-5 		32
v -11.2 		-5 		32
v -10.5 		-5 		3
v -11.2 		-5 		3
# 8 vertices

g group_10_4406847

usemtl color_4406847
s 0

f 701 	702 	703
f 702 	704 	703
f 705 	706 	707
f 706 	708 	707
f 705 	707 	703
f 707 	701 	703
f 708 	706 	702
f 706 	704 	702
f 707 	708 	701
f 708 	702 	701
f 703 	704 	705
f 704 	706 	705
# 12 faces

 #end of obj_10

o obj_11
v 9 		-52.998 		54.998
v 9 		-83 		54.998
v 9 		-83 		45
v 9 		-28.753 		51.066
v 1.003 		-83 		54.003
v 1.003 		-83 		51.011
v 1.003 		-16.998 		54.003
v 1.003 		-16.998 		51.011
v 7.998 		-20.442 		51.655
v 7.998 		-20.447 		51.628
v 7.998 		-45.745 		51.429
v 7.998 		-45.774 		51.429
v 7.998 		-45.335 		51.704
v 7.848 		-52.998 		54.998
v 7.848 		-83 		54.998
v 7.998 		-20.436 		51.684
v 7.848 		-52.998 		60.013
v 7.848 		-83 		60.013
v 7.998 		-45.354 		51.675
v 7.998 		-46.467 		51.651
v 9 		-52.998 		60.013
v 7.998 		-46.48 		51.626
v 9 		-28.966 		51.45
v 7.998 		-46.493 		51.603
v 9 		-28.943 		51.444
v 7.998 		-20.453 		51.603
v 9 		-28.919 		51.44
v 9 		-29.419 		48.003
v 9 		-28.894 		51.436
v 7.998 		-29.419 		48.003
v 7.998 		-9.414 		48.003
v 9 		-28.868 		51.433
v 9 		-9.414 		48.003
v 9 		-28.841 		51.431
v 9 		-28.812 		51.43
v 7.998 		-45.372 		51.648
v 9 		-28.782 		51.429
v 9 		-28.753 		51.429
v 7.998 		-20.46 		51.579
v 7.998 		-20.468 		51.557
v 7.998 		-28.753 		51.066
v 7.998 		-46.508 		51.583
v 7.998 		-46.523 		51.564
v 7.998 		-20.476 		51.536
v 7.998 		-46.54 		51.547
v 9 		-29.147 		51.701
v 7.998 		-46.557 		51.532
v 9 		-29.141 		51.666
v 9 		-29.133 		51.635
v 9 		-29.124 		51.609
v 9 		-29.114 		51.584
v 9 		-29.102 		51.561
v 7.998 		-46.575 		51.518
v 9 		-29.089 		51.539
v 9 		-29.075 		51.52
v 9 		-29.06 		51.503
v 9 		-29.044 		51.489
v 9 		-29.026 		51.477
v 9 		-29.007 		51.466
v 9 		-28.987 		51.457
v 7.998 		-45.392 		51.623
v 7.998 		-28.753 		51.429
v 7.998 		-19.457 		51.432
v 7.998 		-28.782 		51.429
v 7.998 		-46.381 		51.999
v 7.998 		-46.385 		51.961
v 7.998 		-45.411 		51.599
v 9 		-22.975 		51.654
v 7.998 		-19.48 		51.435
v 7.998 		-28.812 		51.43
v 9 		-36.865 		55.557
v 9 		-22.99 		51.689
v 7.998 		-19.501 		51.44
v 7.998 		-28.841 		51.431
v 9 		-37.319 		55.922
v 9 		-29.159 		51.871
v 9 		-29.158 		51.823
v 9 		-29.156 		51.779
v 9 		-29.152 		51.738
v 7.998 		-45.432 		51.577
v 7.998 		-28.868 		51.433
v 7.998 		-19.521 		51.446
v 9 		-37.196 		55.957
v 7.998 		-45.473 		51.536
v 9 		-37.066 		55.982
v 7.998 		-28.894 		51.436
v 7.998 		-19.539 		51.454
v 9 		-36.929 		55.997
v 7.998 		-45.494 		51.518
v 9 		-29.159 		55.257
v 7.998 		-28.919 		51.44
v 7.998 		-45.516 		51.5
v 7.998 		-28.943 		51.444
v 7.998 		-46.39 		51.925
v 7.998 		-45.538 		51.485
v 7.998 		-19.555 		51.464
v 7.998 		-36.059 		51.174
v 7.998 		-28.966 		51.45
v 9 		-36.059 		51.174
v 9 		-27.744 		51.066
v 9 		-27.086 		51.066
v 7.998 		-45.561 		51.471
v 7.998 		-36.168 		51.12
v 7.998 		-19.57 		51.477
v 9 		-36.168 		51.12
v 9 		-28.087 		51.066
v 7.998 		-36.283 		51.076
v 9 		-36.283 		51.076
v 7.998 		-19.584 		51.491
v 7.998 		-36.403 		51.042
v 9 		-36.403 		51.042
v 7.998 		-19.597 		51.506
v 7.998 		-36.528 		51.017
v 9 		-36.528 		51.017
v 7.998 		-28.987 		51.457
v 7.998 		-36.658 		51.002
v 7.998 		-19.609 		51.523
v 9 		-36.658 		51.002
v 7.998 		-45.214 		51.9
v 7.998 		-29.007 		51.466
v 7.998 		-45.235 		51.865
v 7.998 		-36.794 		50.998
v 9 		-36.794 		50.998
v 7.998 		-19.619 		51.542
v 7.998 		-29.026 		51.477
v 9 		-23.897 		53.019
v 7.998 		-46.395 		51.891
v 7.998 		-19.627 		51.561
v 7.998 		-29.044 		51.489
v 7.998 		-46.402 		51.857
v 7.998 		-36.285 		51.682
v 7.998 		-29.06 		51.503
v 7.998 		-19.635 		51.581
v 7.998 		-46.409 		51.824
v 7.998 		-36.335 		51.626
v 7.998 		-29.075 		51.52
v 7.998 		-19.641 		51.603
v 7.998 		-46.417 		51.792
v 7.998 		-36.388 		51.577
v 7.998 		-29.089 		51.539
v 7.998 		-46.425 		51.762
v 7.998 		-19.647 		51.627
v 7.998 		-36.446 		51.535
v 7.998 		-46.434 		51.732
v 7.998 		-29.102 		51.561
v 7.998 		-19.652 		51.653
v 7.998 		-36.508 		51.5
v 7.998 		-29.114 		51.584
v 7.998 		-19.656 		51.68
v 7.998 		-36.573 		51.473
v 7.998 		-29.124 		51.609
v 7.998 		-19.659 		51.708
v 7.998 		-36.643 		51.454
v 7.998 		-29.133 		51.635
v 7.998 		-36.716 		51.443
v 7.998 		-22.042 		51.07
v 7.998 		-29.141 		51.666
v 7.998 		-45.584 		51.459
v 7.998 		-20.424 		51.828
v 7.998 		-36.794 		51.439
v 7.998 		-22.098 		51.073
v 7.998 		-45.607 		51.45
v 7.998 		-29.147 		51.701
v 7.998 		-45.255 		51.831
v 7.998 		-22.15 		51.076
v 7.998 		-45.632 		51.442
v 7.998 		-45.659 		51.437
v 7.998 		-22.201 		51.081
v 7.998 		-35.857 		51.312
v 7.998 		-45.686 		51.433
v 7.998 		-29.152 		51.738
v 7.998 		-35.955 		51.239
v 7.998 		-22.248 		51.086
v 7.998 		-45.715 		51.43
v 7.998 		-45.276 		51.797
v 7.998 		-29.156 		51.779
v 7.998 		-22.294 		51.093
v 7.998 		-45.296 		51.765
v 7.998 		-45.315 		51.734
v 7.998 		-29.158 		51.823
v 7.998 		-22.338 		51.101
v 7.998 		-29.159 		51.871
v 7.998 		-36.061 		52.169
v 7.998 		-22.379 		51.109
v 7.998 		-36.089 		52.07
v 7.998 		-45.056 		51.5185
v 7.998 		-22.419 		51.119
v 7.998 		-36.121 		51.979
v 7.998 		-22.457 		51.13
v 7.998 		-36.157 		51.894
v 7.998 		-46.341 		52.317
v 7.998 		-22.493 		51.142
v 7.998 		-46.008 		52.317
v 7.998 		-36.196 		51.816
v 7.998 		-36.239 		51.746
v 7.998 		-22.528 		51.155
v 9 		-46.593 		51.507
v 7.998 		-21.59 		51.066
v 7.998 		-20.426 		51.788
v 7.998 		-21.861 		51.066
v 7.998 		-20.428 		51.751
v 9 		-46.614 		51.499
v 7.998 		-35.276 		52.182
v 9 		-46.635 		51.492
v 9 		-46.657 		51.487
v 9 		-46.681 		51.484
v 9 		-46.706 		51.483
v 7.998 		-35.328 		52.046
v 9 		-27.086 		51.429
v 7.998 		-35.387 		51.918
v 9 		-46.444 		51.704
v 9 		-27.038 		51.429
v 9 		-27.012 		51.43
v 7.998 		-35.451 		51.798
v 9 		-46.455 		51.677
v 7.998 		-35.521 		51.684
v 9 		-46.467 		51.651
v 9 		-26.986 		51.43
v 7.998 		-35.597 		51.579
v 7.998 		-21.924 		51.067
v 9 		-46.48 		51.626
v 7.998 		-35.678 		51.482
v 7.998 		-21.984 		51.068
v 9 		-46.493 		51.603
v 7.998 		-35.765 		51.393
v 7.998 		-20.432 		51.716
v 7.998 		-21.093 		51.066
v 7.998 		-20.48 		51.066
v 7.998 		-19.662 		51.738
v 7.998 		-19.664 		51.769
v 9 		-22.042 		51.07
v 7.998 		-19.665 		51.802
v 9 		-22.098 		51.073
v 7.998 		-19.666 		51.836
v 9 		-22.15 		51.076
v 7.998 		-19.667 		51.871
v 7.998 		-47.723 		53.402
v 9 		-22.201 		51.081
v 7.998 		-47.723 		53.809
v 7.998 		-18.998 		51.429
v 7.998 		-19.407 		51.429
v 9 		-22.248 		51.086
v 7.998 		-48.537 		55.292
v 7.998 		-19.433 		51.43
v 9 		-22.294 		51.093
v 7.998 		-48.533 		55.255
v 9 		-22.338 		51.101
v 7.998 		-48.53 		55.215
v 9 		-22.379 		51.109
v 7.998 		-48.528 		55.171
v 9 		-20.436 		51.684
v 7.998 		-48.527 		55.124
v 9 		-22.419 		51.119
v 9 		-20.442 		51.655
v 9 		-20.447 		51.628
v 9 		-22.457 		51.13
v 7.998 		-49.003 		55.566
v 7.998 		-48.79 		55.566
v 9 		-22.493 		51.142
v 7.998 		-49.003 		55.929
v 7.998 		-48.771 		55.565
v 9 		-22.528 		51.155
v 9 		-20.453 		51.603
v 7.998 		-48.753 		55.564
v 9 		-21.59 		51.066
v 9 		-20.46 		51.579
v 7.998 		-48.735 		55.562
v 9 		-21.861 		51.066
v 7.998 		-48.717 		55.559
v 9 		-20.468 		51.557
v 9 		-21.924 		51.067
v 7.998 		-48.701 		55.556
v 9 		-20.476 		51.536
v 7.998 		-48.684 		55.551
v 9 		-21.984 		51.068
v 7.998 		-48.669 		55.545
v 7.998 		-48.654 		55.537
v 9 		-21.093 		51.066
v 7.998 		-48.641 		55.528
v 7.998 		-22.021 		51.676
v 7.998 		-22.043 		51.709
v 7.998 		-48.628 		55.516
v 7.998 		-48.615 		55.503
v 9 		-44.299 		55.319
v 7.998 		-21.59 		51.429
v 7.998 		-48.604 		55.487
v 7.998 		-48.592 		55.471
v 9 		-46.508 		51.583
v 7.998 		-21.608 		51.429
v 9 		-44.303 		55.346
v 7.998 		-21.636 		51.43
v 9 		-44.304 		55.37
v 7.998 		-48.582 		55.453
v 9 		-46.523 		51.564
v 7.998 		-48.572 		55.432
v 9 		-44.304 		55.382
v 7.998 		-21.663 		51.432
v 9 		-46.54 		51.547
v 7.998 		-48.563 		55.409
v 9 		-44.3 		55.408
v 7.998 		-21.69 		51.435
v 7.998 		-48.556 		55.383
v 9 		-46.557 		51.532
v 9 		-44.294 		55.432
v 7.998 		-21.715 		51.44
v 7.998 		-48.549 		55.355
v 9 		-46.575 		51.518
v 7.998 		-48.542 		55.325
v 7.998 		-21.741 		51.446
v 9 		-44.289 		55.443
v 7.998 		-21.765 		51.454
v 9 		-46.381 		51.999
v 9 		-46.385 		51.961
v 7.998 		-47.723 		55.512
v 9 		-44.284 		55.456
v 9 		-46.39 		51.925
v 7.998 		-46.516 		53.402
v 9 		-44.278 		55.468
v 7.998 		-46.516 		53.809
v 7.998 		-21.79 		51.463
v 7.998 		-46.594 		55.273
v 9 		-44.27 		55.48
v 7.998 		-46.576 		55.212
v 7.998 		-21.814 		51.475
v 9 		-44.262 		55.491
v 9 		-46.395 		51.891
v 7.998 		-46.562 		55.145
v 9 		-46.402 		51.857
v 7.998 		-21.838 		51.488
v 9 		-44.252 		55.502
v 7.998 		-46.55 		55.072
v 7.998 		-21.861 		51.504
v 7.998 		-46.542 		54.992
v 7.998 		-46.516 		54.673
v 7.998 		-21.885 		51.522
v 9 		-46.409 		51.824
v 7.998 		-46.172 		54.673
v 7.998 		-35.932 		53.185
v 7.998 		-21.908 		51.542
v 9 		-46.417 		51.792
v 7.998 		-21.931 		51.565
v 7.998 		-35.939 		53.036
v 7.998 		-45.207 		55.291
v 9 		-46.425 		51.762
v 7.998 		-21.954 		51.589
v 7.998 		-45.194 		55.264
v 7.998 		-45.18 		55.236
v 9 		-46.434 		51.732
v 7.998 		-35.948 		52.894
v 7.998 		-45.167 		55.208
v 7.998 		-21.977 		51.616
v 7.998 		-35.96 		52.757
v 7.998 		-21.999 		51.645
v 7.998 		-46.172 		55.929
v 7.998 		-46.867 		55.512
v 7.998 		-29.159 		55.257
v 7.998 		-35.974 		52.627
v 7.998 		-46.817 		55.508
v 7.998 		-46.772 		55.497
v 7.998 		-35.992 		52.502
v 7.998 		-22.067 		51.746
v 7.998 		-46.731 		55.477
v 7.998 		-22.09 		51.786
v 7.998 		-46.695 		55.451
v 7.998 		-36.012 		52.385
v 7.998 		-22.114 		51.829
v 7.998 		-46.663 		55.416
v 7.998 		-36.035 		52.273
v 7.998 		-46.637 		55.374
v 7.998 		-22.138 		51.875
v 7.998 		-46.614 		55.327
v 7.998 		-22.162 		51.923
v 7.998 		-27.744 		51.066
v 7.998 		-35.088 		53.135
v 9 		-26.962 		51.432
v 9 		-26.939 		51.434
v 7.998 		-45.668 		55.929
v 9 		-26.917 		51.436
v 7.998 		-45.668 		55.571
v 7.998 		-45.602 		55.571
v 9 		-26.895 		51.439
v 9 		-26.875 		51.445
v 9 		-26.856 		51.452
v 7.998 		-27.086 		51.066
v 7.998 		-45.573 		55.57
v 7.998 		-35.103 		52.961
v 7.998 		-28.087 		51.066
v 7.998 		-22.186 		51.974
v 7.998 		-45.452 		55.546
v 7.998 		-35.125 		52.793
v 9 		-44.242 		55.512
v 7.998 		-35.154 		52.631
v 7.998 		-45.412 		55.528
v 7.998 		-45.394 		55.517
v 7.998 		-35.188 		52.474
v 9 		-44.229 		55.52
v 7.998 		-45.376 		55.505
v 7.998 		-35.229 		52.324
v 7.998 		-45.359 		55.492
v 9 		-44.215 		55.527
v 7.998 		-45.342 		55.477
v 9 		-44.2 		55.534
v 7.998 		-45.326 		55.462
v 9 		-44.166 		55.546
v 7.998 		-26.856 		51.452
v 9 		-36.285 		51.682
v 9 		-44.147 		55.551
v 7.998 		-45.309 		55.445
v 9 		-36.335 		51.626
v 7.998 		-45.293 		55.427
v 9 		-26.741 		51.582
v 7.998 		-26.875 		51.445
v 9 		-26.735 		51.606
v 7.998 		-45.277 		55.408
v 9 		-36.388 		51.577
v 7.998 		-45.262 		55.387
v 7.998 		-45.247 		55.365
v 9 		-36.446 		51.535
v 7.998 		-26.895 		51.439
v 7.998 		-45.234 		55.341
v 7.998 		-45.22 		55.317
v 9 		-26.839 		51.46
v 9 		-26.822 		51.47
v 9 		-36.508 		51.5
v 9 		-26.807 		51.481
v 9 		-26.793 		51.493
v 9 		-26.78 		51.507
v 9 		-26.769 		51.523
v 9 		-26.758 		51.541
v 9 		-26.749 		51.561
v 9 		-45.584 		51.459
v 9 		-26.728 		51.633
v 9 		-26.722 		51.663
v 7.998 		-26.917 		51.436
v 9 		-26.718 		51.696
v 9 		-36.573 		51.473
v 7.998 		-45.546 		55.568
v 9 		-36.643 		51.454
v 7.998 		-45.521 		55.565
v 9 		-26.715 		51.73
v 9 		-26.713 		51.767
v 9 		-45.607 		51.45
v 7.998 		-45.496 		55.56
v 9 		-36.716 		51.443
v 7.998 		-26.939 		51.434
v 7.998 		-45.474 		55.554
v 9 		-45.632 		51.442
v 9 		-36.794 		51.439
v 9 		-27.707 		52.636
v 7.998 		-26.962 		51.432
v 7.998 		-44.501 		51.066
v 7.998 		-43.832 		51.066
v 9 		-35.857 		51.312
v 7.998 		-20.486 		51.518
v 7.998 		-26.986 		51.43
v 9 		-35.955 		51.239
v 7.998 		-44.501 		51.429
v 7.998 		-44.557 		51.431
v 7.998 		-20.497 		51.502
v 7.998 		-44.607 		51.435
v 7.998 		-20.509 		51.488
v 7.998 		-27.012 		51.43
v 7.998 		-44.65 		51.443
v 9 		-36.061 		52.169
v 7.998 		-27.038 		51.429
v 7.998 		-44.688 		51.453
v 7.998 		-20.522 		51.476
v 9 		-36.089 		52.07
v 7.998 		-27.086 		51.429
v 7.998 		-44.72 		51.467
v 7.998 		-20.536 		51.465
v 7.998 		-44.746 		51.483
v 9 		-36.121 		51.979
v 9 		-36.157 		51.894
v 7.998 		-20.551 		51.456
v 9 		-36.196 		51.816
v 9 		-44.126 		55.557
v 9 		-25.462 		51.066
v 7.998 		-26.718 		51.696
v 9 		-36.239 		51.746
v 9 		-44.105 		55.562
v 9 		-25.173 		51.066
v 9 		-19.457 		51.432
v 9 		-44.082 		55.566
v 7.998 		-26.722 		51.663
v 9 		-19.48 		51.435
v 9 		-44.057 		55.569
v 9 		-35.276 		52.182
v 7.998 		-26.728 		51.633
v 9 		-19.501 		51.44
v 7.998 		-26.735 		51.606
v 9 		-35.328 		52.046
v 9 		-25.792 		51.45
v 7.998 		-26.741 		51.582
v 9 		-25.777 		51.444
v 9 		-19.521 		51.446
v 9 		-25.761 		51.44
v 9 		-25.744 		51.436
v 9 		-25.727 		51.433
v 9 		-25.71 		51.431
v 9 		-25.674 		51.429
v 9 		-35.387 		51.918
v 9 		-19.539 		51.454
v 9 		-43.986 		55.929
v 9 		-35.451 		51.798
v 9 		-35.521 		51.684
v 9 		-19.555 		51.464
v 9 		-44.031 		55.57
v 7.998 		-26.749 		51.561
v 9 		-35.597 		51.579
v 9 		-25.922 		51.701
v 9 		-25.917 		51.666
v 9 		-25.912 		51.635
v 9 		-25.905 		51.609
v 9 		-25.898 		51.584
v 9 		-25.889 		51.561
v 9 		-19.57 		51.477
v 9 		-25.879 		51.539
v 9 		-25.869 		51.52
v 9 		-25.857 		51.503
v 9 		-25.846 		51.489
v 9 		-25.833 		51.477
v 9 		-25.82 		51.466
v 9 		-25.807 		51.457
v 9 		-35.678 		51.482
v 9 		-19.584 		51.491
v 9 		-44.004 		55.571
v 7.998 		-26.758 		51.541
v 9 		-35.765 		51.393
v 9 		-43.986 		55.571
v 7.998 		-20.566 		51.449
v 9 		-19.597 		51.506
v 7.998 		-26.769 		51.523
v 9 		-19.609 		51.523
v 7.998 		-26.78 		51.507
v 9 		-35.932 		53.185
v 9 		-19.619 		51.542
v 7.998 		-20.582 		51.443
v 7.998 		-26.793 		51.493
v 9 		-35.939 		53.036
v 9 		-19.627 		51.561
v 7.998 		-26.807 		51.481
v 9 		-35.948 		52.894
v 9 		-19.635 		51.581
v 7.998 		-20.6 		51.438
v 9 		-35.96 		52.757
v 7.998 		-26.822 		51.47
v 9 		-19.641 		51.603
v 9 		-35.974 		52.627
v 7.998 		-26.839 		51.46
v 9 		-19.647 		51.627
v 9 		-35.992 		52.502
v 9 		-36.012 		52.385
v 9 		-19.652 		51.653
v 9 		-25.93 		51.823
v 9 		-25.928 		51.779
v 9 		-25.926 		51.738
v 9 		-36.035 		52.273
v 9 		-19.656 		51.68
v 7.998 		-26.713 		51.767
v 9 		-25.462 		51.429
v 7.998 		-26.715 		51.73
v 9 		-19.659 		51.708
v 9 		-25.173 		51.429
v 9 		-35.088 		53.135
v 7.998 		-44.769 		51.504
v 9 		-35.103 		52.961
v 9 		-20.424 		51.828
v 7.998 		-44.787 		51.529
v 9 		-24.961 		51.429
v 9 		-24.943 		51.43
v 9 		-35.125 		52.793
v 9 		-20.426 		51.788
v 7.998 		-44.801 		51.556
v 7.998 		-27.707 		52.636
v 9 		-35.154 		52.631
v 9 		-20.428 		51.751
v 7.998 		-44.811 		51.586
v 9 		-24.925 		51.43
v 9 		-24.891 		51.434
v 9 		-24.875 		51.436
v 9 		-35.188 		52.474
v 9 		-24.859 		51.439
v 9 		-24.843 		51.445
v 9 		-20.432 		51.716
v 9 		-24.828 		51.452
v 9 		-35.229 		52.324
v 9 		-24.726 		51.591
v 9 		-24.72 		51.616
v 9 		-19.662 		51.738
v 7.998 		-34.651 		51.066
v 9 		-34.651 		51.066
v 9 		-19.664 		51.769
v 9 		-19.665 		51.802
v 9 		-24.814 		51.46
v 9 		-24.8 		51.47
v 9 		-24.787 		51.481
v 9 		-24.775 		51.493
v 9 		-24.763 		51.509
v 9 		-24.752 		51.526
v 9 		-24.743 		51.546
v 9 		-24.734 		51.567
v 9 		-19.666 		51.836
v 9 		-24.713 		51.645
v 9 		-24.708 		51.677
v 7.998 		-44.817 		51.619
v 9 		-24.703 		51.711
v 9 		-19.667 		51.871
v 9 		-45.659 		51.437
v 7.998 		-44.819 		51.655
v 9 		-24.7 		51.749
v 9 		-24.699 		51.789
v 9 		-24.698 		51.832
v 7.998 		-44.818 		51.691
v 9 		-19.407 		51.429
v 9 		-18.998 		51.429
v 9 		-45.686 		51.433
v 9 		-19.433 		51.43
v 9 		-26.713 		55.257
v 7.998 		-20.618 		51.434
v 9 		-45.715 		51.43
v 9 		-20.424 		55.281
v 7.998 		-20.424 		55.281
v 7.998 		-20.456 		55.228
v 9 		-20.456 		55.228
v 9 		-26.895 		55.929
v 9 		-28.552 		55.929
v 9 		-45.745 		51.429
v 9 		-45.774 		51.429
v 9 		-24.698 		55.154
v 9 		-24.699 		55.198
v 7.998 		-20.237 		55.953
v 7.998 		-20.638 		51.431
v 9 		-20.237 		55.953
v 9 		-45.335 		51.704
v 9 		-45.354 		51.675
v 9 		-45.372 		51.648
v 7.998 		-19.667 		55.953
v 9 		-19.667 		55.953
v 7.998 		-44.815 		51.728
v 7.998 		-20.658 		51.43
v 7.998 		-44.809 		51.764
v 7.998 		-18.998 		51.066
v 9 		-18.998 		51.066
v 7.998 		-44.8 		51.801
v 7.998 		-44.789 		51.838
v 7.998 		-20.679 		51.429
v 9 		-45.392 		51.623
v 9 		-45.411 		51.599
v 7.998 		-44.776 		51.876
v 7.998 		-9.414 		45
v 7.998 		-29.419 		45
v 7.998 		-21.093 		51.429
v 7.998 		-44.748 		51.946
v 7.998 		-44.734 		51.979
v 7.998 		-44.719 		52.011
v 9 		-45.432 		51.577
v 7.998 		-29.419 		51.456
v 9 		-22.021 		51.676
v 9 		-45.473 		51.536
v 9 		-22.043 		51.709
v 9 		-45.494 		51.518
v 7.998 		-34.317 		51.45
v 9 		-45.516 		51.5
v 9 		-24.7 		55.239
v 7.998 		-44.704 		52.042
v 9 		-24.703 		55.276
v 9 		-45.538 		51.485
v 7.998 		-44.688 		52.072
v 9 		-45.561 		51.471
v 7.998 		-43.505 		51.702
v 7.998 		-43.504 		51.689
v 9 		-45.214 		51.9
v 7.998 		-43.504 		51.676
v 7.998 		-43.503 		51.663
v 9 		-45.235 		51.865
v 9 		-45.255 		51.831
v 7.998 		-43.503 		51.65
v 7.998 		-43.512 		51.583
v 9 		-45.276 		51.797
v 7.998 		-43.537 		51.527
v 9 		-45.296 		51.765
v 9 		-45.315 		51.734
v 7.998 		-43.58 		51.485
v 7.998 		-43.64 		51.454
v 7.998 		-43.716 		51.435
v 7.998 		-43.81 		51.429
v 7.998 		-43.832 		51.429
v 9 		-46.341 		52.317
v 7.998 		-43.595 		51.96
v 9 		-46.008 		52.317
v 7.998 		-43.584 		51.935
v 7.998 		-43.573 		51.911
v 9 		-47.723 		53.809
v 7.998 		-43.563 		51.888
v 9 		-48.537 		55.292
v 7.998 		-43.554 		51.867
v 9 		-48.533 		55.255
v 7.998 		-34.333 		51.444
v 9 		-48.53 		55.215
v 7.998 		-43.546 		51.847
v 7.998 		-43.532 		51.812
v 9 		-48.528 		55.171
v 7.998 		-43.539 		51.829
v 7.998 		-34.349 		51.44
v 9 		-48.527 		55.124
v 7.998 		-43.527 		51.796
v 7.998 		-43.521 		51.781
v 9 		-47.723 		53.402
v 7.998 		-43.671 		52.121
v 7.998 		-43.654 		52.085
v 7.998 		-43.637 		52.05
v 7.998 		-34.366 		51.436
v 7.998 		-34.383 		51.433
v 7.998 		-43.622 		52.018
v 7.998 		-43.608 		51.988
v 7.998 		-34.401 		51.431
v 7.998 		-43.513 		51.753
v 7.998 		-34.439 		51.429
v 9 		-21.59 		51.429
v 9 		-21.608 		51.429
v 7.998 		-43.51 		51.74
v 7.998 		-43.507 		51.729
v 7.998 		-34.651 		51.429
v 9 		-21.636 		51.43
v 9 		-21.663 		51.432
v 7.998 		-43.506 		51.716
v 9 		-21.69 		51.435
v 9 		-21.715 		51.44
v 7.998 		-26.624 		51.712
v 9 		-21.741 		51.446
v 9 		-21.765 		51.454
v 7.998 		-44.139 		53.068
v 9 		-21.79 		51.463
v 9 		-21.814 		51.475
v 9 		-21.838 		51.488
v 7.998 		-42.158 		51.066
v 7.998 		-34.185 		51.701
v 9 		-21.861 		51.504
v 7.998 		-41.328 		51.066
v 9 		-21.885 		51.522
v 7.998 		-34.191 		51.666
v 9 		-21.908 		51.542
v 9 		-21.931 		51.565
v 7.998 		-34.197 		51.635
v 7.998 		-34.204 		51.609
v 7.998 		-34.212 		51.584
v 7.998 		-42.158 		51.429
v 7.998 		-42.227 		51.429
v 7.998 		-34.22 		51.561
v 7.998 		-42.259 		51.431
v 7.998 		-42.292 		51.437
v 7.998 		-34.23 		51.539
v 7.998 		-42.325 		51.448
v 7.998 		-34.241 		51.52
v 7.998 		-42.359 		51.462
v 7.998 		-34.252 		51.503
v 7.998 		-42.393 		51.48
v 7.998 		-34.264 		51.489
v 7.998 		-42.428 		51.503
v 7.998 		-34.276 		51.477
v 7.998 		-42.463 		51.531
v 7.998 		-34.289 		51.466
v 7.998 		-25.462 		51.066
v 7.998 		-42.498 		51.567
v 7.998 		-34.303 		51.457
v 7.998 		-42.532 		51.611
v 7.998 		-25.173 		51.066
v 7.998 		-42.566 		51.662
v 7.998 		-34.176 		51.823
v 7.998 		-34.178 		51.779
v 7.998 		-34.181 		51.738
v 9 		-21.954 		51.589
v 7.998 		-25.674 		51.429
v 7.998 		-25.71 		51.431
v 9 		-21.977 		51.616
v 7.998 		-25.727 		51.433
v 9 		-21.999 		51.645
v 7.998 		-25.744 		51.436
v 7.998 		-33.371 		51.483
v 7.998 		-25.761 		51.44
v 7.998 		-42.6 		51.721
v 7.998 		-25.777 		51.444
v 9 		-22.067 		51.746
v 7.998 		-42.633 		51.788
v 7.998 		-25.792 		51.45
v 7.998 		-40.966 		51.466
v 7.998 		-25.807 		51.457
v 7.998 		-40.979 		51.457
v 7.998 		-25.82 		51.466
v 7.998 		-40.994 		51.45
v 7.998 		-25.833 		51.477
v 7.998 		-41.009 		51.444
v 7.998 		-25.846 		51.489
v 7.998 		-41.026 		51.44
v 7.998 		-41.042 		51.436
v 7.998 		-25.857 		51.503
v 7.998 		-25.869 		51.52
v 9 		-34.317 		51.45
v 7.998 		-25.879 		51.539
v 7.998 		-25.889 		51.561
v 7.998 		-25.898 		51.584
v 9 		-34.333 		51.444
v 7.998 		-41.06 		51.433
v 7.998 		-25.905 		51.609
v 9 		-43.296 		55.549
v 7.998 		-41.078 		51.431
v 7.998 		-25.912 		51.635
v 7.998 		-41.096 		51.43
v 9 		-34.349 		51.44
v 7.998 		-41.115 		51.429
v 7.998 		-25.917 		51.666
v 7.998 		-25.922 		51.701
v 7.998 		-41.328 		51.429
v 9 		-34.366 		51.436
v 7.998 		-43.565 		53.731
v 7.998 		-25.926 		51.738
v 7.998 		-43.748 		54.123
v 7.998 		-25.928 		51.779
v 7.998 		-25.93 		51.823
v 9 		-34.383 		51.433
v 7.998 		-44.326 		53.456
v 7.998 		-25.462 		51.429
v 9 		-34.401 		51.431
v 7.998 		-25.173 		51.429
v 7.998 		-44.169 		54.967
v 9 		-43.267 		55.538
v 9 		-43.281 		55.543
v 9 		-22.09 		51.786
v 7.998 		-24.828 		51.452
v 9 		-22.114 		51.829
v 9 		-48.79 		55.566
v 7.998 		-44.188 		55.006
v 9 		-49.003 		55.566
v 7.998 		-24.843 		51.445
v 9 		-22.138 		51.875
v 7.998 		-44.205 		55.045
v 9 		-48.771 		55.565
v 7.998 		-44.222 		55.082
v 7.998 		-24.859 		51.439
v 9 		-22.162 		51.923
v 7.998 		-24.875 		51.436
v 9 		-22.186 		51.974
v 7.998 		-24.891 		51.434
v 9 		-48.753 		55.564
v 7.998 		-44.237 		55.12
v 7.998 		-24.925 		51.43
v 7.998 		-44.251 		55.157
v 9 		-20.486 		51.518
v 9 		-48.735 		55.562
v 7.998 		-24.943 		51.43
v 7.998 		-24.961 		51.429
v 9 		-48.717 		55.559
v 9 		-20.497 		51.502
v 9 		-20.509 		51.488
v 9 		-48.701 		55.556
v 7.998 		-24.576 		51.712
v 9 		-25.922 		55.294
v 9 		-25.926 		55.257
v 9 		-25.928 		55.216
v 7.998 		-24.703 		51.711
v 9 		-20.522 		51.476
v 7.998 		-44.264 		55.193
v 9 		-20.536 		51.465
v 7.998 		-24.708 		51.677
v 7.998 		-44.276 		55.228
v 7.998 		-24.713 		51.645
v 7.998 		-44.286 		55.26
v 9 		-20.551 		51.456
v 9 		-48.684 		55.551
v 7.998 		-24.72 		51.616
v 7.998 		-44.294 		55.291
v 7.998 		-24.726 		51.591
v 9 		-48.669 		55.545
v 9 		-20.566 		51.449
v 9 		-48.654 		55.537
v 7.998 		-24.734 		51.567
v 7.998 		-43.179 		55.27
v 7.998 		-24.743 		51.546
v 9 		-20.582 		51.443
v 9 		-48.641 		55.528
v 7.998 		-43.188 		55.234
v 7.998 		-24.752 		51.526
v 7.998 		-43.2 		55.197
v 7.998 		-24.763 		51.509
v 7.998 		-43.214 		55.159
v 9 		-20.6 		51.438
v 7.998 		-43.229 		55.121
v 9 		-49.003 		55.929
v 7.998 		-24.775 		51.493
v 7.998 		-43.244 		55.085
v 9 		-48.628 		55.516
v 7.998 		-24.787 		51.481
v 7.998 		-43.274 		55.017
v 7.998 		-43.29 		54.984
v 7.998 		-24.8 		51.47
v 7.998 		-43.306 		54.952
v 9 		-48.615 		55.503
v 7.998 		-24.814 		51.46
v 9 		-48.604 		55.487
v 9 		-48.592 		55.471
v 7.998 		-24.698 		51.832
v 7.998 		-24.699 		51.789
v 7.998 		-44.544 		55.929
v 7.998 		-24.7 		51.749
v 7.998 		-44.299 		55.319
v 9 		-48.582 		55.453
v 9 		-25.93 		55.172
v 9 		-48.572 		55.432
v 7.998 		-26.895 		55.929
v 7.998 		-44.303 		55.346
v 7.998 		-26.713 		55.257
v 9 		-48.563 		55.409
v 9 		-48.556 		55.383
v 9 		-25.857 		55.492
v 9 		-25.869 		55.475
v 9 		-25.879 		55.456
v 9 		-25.889 		55.435
v 9 		-48.549 		55.355
v 9 		-25.898 		55.411
v 7.998 		-28.552 		55.929
v 9 		-25.905 		55.387
v 9 		-25.912 		55.36
v 9 		-25.917 		55.329
v 7.998 		-25.93 		55.172
v 9 		-48.542 		55.325
v 7.998 		-25.928 		55.216
v 7.998 		-25.926 		55.257
v 9 		-25.777 		55.551
v 9 		-25.792 		55.545
v 7.998 		-25.922 		55.294
v 9 		-25.807 		55.538
v 9 		-25.82 		55.529
v 9 		-25.833 		55.518
v 9 		-25.846 		55.506
v 9 		-25.674 		55.571
v 9 		-47.723 		55.512
v 7.998 		-24.703 		55.276
v 7.998 		-44.304 		55.37
v 7.998 		-24.7 		55.239
v 7.998 		-44.304 		55.382
v 7.998 		-24.699 		55.198
v 7.998 		-44.3 		55.408
v 9 		-46.516 		53.809
v 7.998 		-24.698 		55.154
v 7.998 		-44.294 		55.432
v 9 		-46.594 		55.273
v 7.998 		-44.289 		55.443
v 9 		-25.71 		55.569
v 9 		-25.727 		55.566
v 9 		-25.744 		55.562
v 9 		-46.576 		55.212
v 9 		-25.761 		55.557
v 9 		-43.168 		55.338
v 9 		-43.172 		55.305
v 7.998 		-25.917 		55.329
v 9 		-46.562 		55.145
v 9 		-46.55 		55.072
v 7.998 		-25.912 		55.36
v 9 		-25.458 		55.929
v 9 		-46.542 		54.992
v 7.998 		-25.905 		55.387
v 9 		-25.173 		55.571
v 9 		-25.173 		55.929
v 9 		-43.173 		55.423
v 9 		-46.516 		54.673
v 7.998 		-25.898 		55.411
v 9 		-25.458 		55.571
v 9 		-46.516 		53.402
v 9 		-20.618 		51.434
v 7.998 		-25.889 		55.435
v 9 		-43.17 		55.407
v 9 		-46.172 		54.673
v 9 		-34.439 		51.429
v 7.998 		-25.879 		55.456
v 9 		-45.207 		55.291
v 7.998 		-25.869 		55.475
v 9 		-34.651 		51.429
v 9 		-45.194 		55.264
v 9 		-45.18 		55.236
v 7.998 		-25.857 		55.492
v 9 		-20.638 		51.431
v 9 		-43.167 		55.389
v 9 		-45.167 		55.208
v 7.998 		-25.846 		55.506
v 9 		-43.167 		55.37
v 7.998 		-25.833 		55.518
v 9 		-20.658 		51.43
v 7.998 		-25.82 		55.529
v 7.998 		-25.807 		55.538
v 9 		-43.255 		55.531
v 9 		-20.679 		51.429
v 7.998 		-25.792 		55.545
v 9 		-43.242 		55.523
v 9 		-21.093 		51.429
v 7.998 		-25.777 		55.551
v 9 		-43.23 		55.513
v 9 		-43.219 		55.503
v 7.998 		-23.897 		53.534
v 9 		-43.209 		55.492
v 7.998 		-25.761 		55.557
v 7.998 		-23.129 		53.986
v 7.998 		-25.744 		55.562
v 9 		-24.843 		55.545
v 7.998 		-25.727 		55.566
v 9 		-24.713 		55.342
v 9 		-24.72 		55.37
v 7.998 		-23.674 		53.255
v 7.998 		-25.71 		55.569
v 7.998 		-25.674 		55.571
v 9 		-24.708 		55.311
v 9 		-24.726 		55.396
v 9 		-24.734 		55.421
v 9 		-24.743 		55.443
v 9 		-24.752 		55.463
v 9 		-24.763 		55.481
v 9 		-24.775 		55.497
v 9 		-24.787 		55.509
v 9 		-24.8 		55.521
v 9 		-24.828 		55.539
v 7.998 		-23.897 		55.172
v 7.998 		-25.458 		55.929
v 7.998 		-23.895 		55.216
v 7.998 		-25.458 		55.571
v 9 		-24.875 		55.557
v 7.998 		-23.893 		55.257
v 9 		-24.891 		55.562
v 9 		-24.908 		55.566
v 7.998 		-25.173 		55.929
v 7.998 		-25.173 		55.571
v 7.998 		-24.843 		55.545
v 7.998 		-23.889 		55.294
v 9 		-43.2 		55.48
v 9 		-43.192 		55.468
v 7.998 		-24.619 		55.552
v 7.998 		-23.06 		54.763
v 7.998 		-24.828 		55.539
v 7.998 		-23.085 		54.726
v 7.998 		-23.111 		54.687
v 9 		-43.185 		55.454
v 7.998 		-24.8 		55.521
v 9 		-24.925 		55.569
v 9 		-43.178 		55.439
v 7.998 		-24.787 		55.509
v 7.998 		-44.284 		55.456
v 7.998 		-24.775 		55.497
v 9 		-43.421 		55.57
v 7.998 		-24.763 		55.481
v 9 		-43.44 		55.57
v 7.998 		-24.752 		55.463
v 9 		-34.185 		51.701
v 7.998 		-24.743 		55.443
v 9 		-43.459 		55.571
v 7.998 		-24.734 		55.421
v 9 		-43.364 		55.564
v 7.998 		-22.909 		55.021
v 7.998 		-24.726 		55.396
v 7.998 		-44.278 		55.468
v 7.998 		-22.923 		54.992
v 9 		-24.961 		55.571
v 7.998 		-44.27 		55.48
v 7.998 		-24.72 		55.37
v 7.998 		-24.713 		55.342
v 7.998 		-22.938 		54.962
v 7.998 		-44.262 		55.491
v 7.998 		-44.252 		55.502
v 9 		-22.561 		51.168
v 7.998 		-22.954 		54.931
v 7.998 		-24.708 		55.311
v 9 		-22.591 		51.182
v 7.998 		-44.242 		55.512
v 9 		-22.62 		51.197
v 7.998 		-22.972 		54.898
v 7.998 		-44.229 		55.52
v 7.998 		-24.961 		55.571
v 9 		-23.418 		51.066
v 7.998 		-44.215 		55.527
v 7.998 		-22.992 		54.867
v 7.998 		-44.2 		55.534
v 7.998 		-23.014 		54.834
v 7.998 		-23.036 		54.799
v 7.998 		-44.166 		55.546
v 7.998 		-44.147 		55.551
v 7.998 		-24.925 		55.569
v 7.998 		-24.908 		55.566
v 7.998 		-22.829 		55.281
v 7.998 		-24.891 		55.562
v 7.998 		-22.832 		55.257
v 7.998 		-44.126 		55.557
v 7.998 		-24.875 		55.557
v 9 		-43.346 		55.561
v 7.998 		-44.105 		55.562
v 7.998 		-44.082 		55.566
v 9 		-43.328 		55.557
v 7.998 		-44.057 		55.569
v 7.998 		-23.418 		51.066
v 9 		-43.311 		55.553
v 7.998 		-22.842 		55.207
v 7.998 		-22.62 		51.197
v 7.998 		-22.591 		51.182
v 7.998 		-22.561 		51.168
v 7.998 		-22.849 		55.182
v 7.998 		-22.856 		55.156
v 7.998 		-43.986 		55.929
v 7.998 		-44.031 		55.57
v 7.998 		-44.004 		55.571
v 7.998 		-43.986 		55.571
v 7.998 		-23.634 		51.429
v 7.998 		-23.67 		51.431
v 7.998 		-43.296 		55.549
v 7.998 		-23.687 		51.433
v 9 		-34.191 		51.666
v 7.998 		-22.864 		55.13
v 7.998 		-23.704 		51.436
v 7.998 		-22.874 		55.103
v 9 		-34.197 		51.635
v 9 		-43.459 		55.929
v 7.998 		-22.884 		55.075
v 9 		-23.753 		51.45
v 7.998 		-23.736 		51.444
v 7.998 		-23.753 		51.45
v 9 		-34.204 		51.609
v 7.998 		-42.827 		55.075
v 9 		-34.212 		51.584
v 7.998 		-43.281 		55.543
v 7.998 		-42.803 		55.121
v 7.998 		-23.768 		51.457
v 7.998 		-43.267 		55.538
v 7.998 		-42.78 		55.165
v 9 		-34.22 		51.561
v 7.998 		-23.783 		51.466
v 7.998 		-42.757 		55.205
v 7.998 		-42.736 		55.243
v 7.998 		-23.796 		51.477
v 9 		-34.23 		51.539
v 7.998 		-43.168 		55.338
v 7.998 		-23.809 		51.489
v 7.998 		-43.172 		55.305
v 7.998 		-23.82 		51.503
v 9 		-34.241 		51.52
v 9 		-23.736 		51.444
v 9 		-23.704 		51.436
v 9 		-23.687 		51.433
v 7.998 		-23.832 		51.52
v 7.998 		-43.173 		55.423
v 9 		-34.252 		51.503
v 7.998 		-23.843 		51.539
v 7.998 		-23.853 		51.561
v 9 		-34.264 		51.489
v 7.998 		-43.17 		55.407
v 7.998 		-22.896 		55.048
v 7.998 		-23.863 		51.584
v 7.998 		-43.167 		55.389
v 9 		-34.276 		51.477
v 7.998 		-23.871 		51.609
v 7.998 		-43.167 		55.37
v 9 		-34.289 		51.466
v 9 		-23.897 		53.534
v 9 		-23.67 		51.431
v 7.998 		-23.879 		51.635
v 9 		-34.303 		51.457
v 9 		-46.172 		55.929
v 7.998 		-43.098 		55.552
v 9 		-23.634 		51.429
v 7.998 		-23.884 		51.666
v 7.998 		-43.255 		55.531
v 9 		-23.129 		53.986
v 7.998 		-23.889 		51.701
v 7.998 		-43.242 		55.523
v 9 		-46.867 		55.512
v 9 		-34.176 		51.823
v 9 		-23.674 		53.255
v 7.998 		-43.23 		55.513
v 9 		-34.178 		51.779
v 7.998 		-43.219 		55.503
v 9 		-46.817 		55.508
v 9 		-34.181 		51.738
v 7.998 		-43.209 		55.492
v 9 		-23.897 		55.172
v 7.998 		-43.2 		55.48
v 9 		-46.772 		55.497
v 9 		-33.371 		51.483
v 9 		-23.895 		55.216
v 7.998 		-43.192 		55.468
v 7.998 		-43.185 		55.454
v 9 		-23.889 		51.701
v 9 		-23.884 		51.666
v 9 		-23.879 		51.635
v 9 		-23.871 		51.609
v 9 		-46.731 		55.477
v 9 		-23.863 		51.584
v 9 		-23.853 		51.561
v 9 		-23.843 		51.539
v 7.998 		-43.178 		55.439
v 9 		-23.832 		51.52
v 9 		-23.82 		51.503
v 9 		-23.809 		51.489
v 7.998 		-23.893 		51.738
v 9 		-23.796 		51.477
v 9 		-23.783 		51.466
v 9 		-23.768 		51.457
v 7.998 		-23.895 		51.779
v 7.998 		-23.897 		51.823
v 9 		-23.897 		51.823
v 9 		-23.895 		51.779
v 9 		-23.893 		51.738
v 9 		-46.695 		55.451
v 9 		-23.893 		55.257
v 7.998 		-43.459 		55.571
v 7.998 		-43.44 		55.57
v 7.998 		-43.421 		55.57
v 9 		-23.889 		55.294
v 7.998 		-23.418 		51.429
v 9 		-46.663 		55.416
v 7.998 		-43.364 		55.564
v 9 		-46.637 		55.374
v 7.998 		-42.715 		55.278
v 9 		-23.06 		54.763
v 7.998 		-22.86 		51.436
v 9 		-46.614 		55.327
v 7.998 		-22.824 		51.384
v 7.998 		-22.786 		51.336
v 7.998 		-22.744 		51.292
v 7.998 		-22.722 		51.271
v 7.998 		-22.698 		51.251
v 9 		-23.085 		54.726
v 7.998 		-22.673 		51.232
v 9 		-23.111 		54.687
v 7.998 		-22.647 		51.213
v 7.998 		-42.048 		54.604
v 9 		-45.602 		55.571
v 9 		-45.668 		55.571
v 9 		-45.573 		55.57
v 7.998 		-22.99 		51.689
v 7.998 		-22.943 		51.586
v 7.998 		-22.927 		51.554
v 7.998 		-22.911 		51.523
v 7.998 		-41.682 		55.026
v 7.998 		-41.679 		55.063
v 7.998 		-35.96 		54.239
v 9 		-45.668 		55.929
v 7.998 		-41.719 		54.604
v 7.998 		-22.895 		51.493
v 7.998 		-22.878 		51.464
v 7.998 		-41.675 		55.099
v 7.998 		-22.975 		51.654
v 7.998 		-41.67 		55.134
v 7.998 		-41.664 		55.168
v 7.998 		-41.657 		55.201
v 7.998 		-23.897 		53.019
v 7.998 		-41.649 		55.232
v 7.998 		-41.641 		55.261
v 7.998 		-41.631 		55.288
v 9 		-42.803 		55.121
v 9 		-42.827 		55.075
v 9 		-42.78 		55.165
v 9 		-42.736 		55.243
v 9 		-42.757 		55.205
v 7.998 		-35.948 		54.104
v 7.998 		-35.939 		53.962
v 9 		-42.715 		55.278
v 7.998 		-35.932 		53.815
v 7.998 		-35.928 		53.66
v 9 		-42.048 		54.604
v 7.998 		-35.927 		53.5
v 9 		-41.679 		55.063
v 9 		-41.682 		55.026
v 7.998 		-35.928 		53.339
v 9 		-23.418 		51.429
v 9 		-41.719 		54.604
v 9 		-22.647 		51.213
v 7.998 		-35.078 		53.687
v 7.998 		-35.075 		53.5
v 9 		-41.675 		55.099
v 9 		-22.673 		51.232
v 7.998 		-35.078 		53.315
v 9 		-41.67 		55.134
v 9 		-22.698 		51.251
v 9 		-41.664 		55.168
v 9 		-22.722 		51.271
v 9 		-41.657 		55.201
v 7.998 		-35.125 		54.211
v 9 		-22.744 		51.292
v 9 		-41.649 		55.232
v 9 		-22.786 		51.336
v 9 		-41.641 		55.261
v 7.998 		-35.103 		54.042
v 9 		-22.824 		51.384
v 9 		-41.631 		55.288
v 7.998 		-35.088 		53.867
v 9 		-45.452 		55.546
v 7.998 		-36.239 		55.249
v 7.998 		-36.196 		55.179
v 7.998 		-42.695 		55.311
v 9 		-45.412 		55.528
v 7.998 		-42.674 		55.341
v 7.998 		-36.157 		55.101
v 9 		-45.394 		55.517
v 7.998 		-42.654 		55.368
v 7.998 		-36.121 		55.016
v 9 		-45.376 		55.505
v 7.998 		-42.634 		55.394
v 7.998 		-36.089 		54.925
v 9 		-45.359 		55.492
v 9 		-22.86 		51.436
v 7.998 		-42.614 		55.417
v 7.998 		-36.061 		54.826
v 9 		-45.342 		55.477
v 7.998 		-42.594 		55.439
v 9 		-45.326 		55.462
v 7.998 		-36.035 		54.722
v 7.998 		-42.555 		55.477
v 7.998 		-42.574 		55.458
v 7.998 		-43.346 		55.561
v 7.998 		-36.012 		54.611
v 7.998 		-43.328 		55.557
v 7.998 		-43.311 		55.553
v 7.998 		-35.992 		54.493
v 9 		-45.309 		55.445
v 7.998 		-42.535 		55.493
v 7.998 		-35.974 		54.369
v 9 		-45.293 		55.427
v 7.998 		-42.516 		55.508
v 7.998 		-43.459 		55.929
v 9 		-45.277 		55.408
v 7.998 		-42.496 		55.521
v 7.998 		-35.451 		55.202
v 9 		-45.262 		55.387
v 7.998 		-42.275 		55.929
v 9 		-45.247 		55.365
v 7.998 		-35.387 		55.082
v 9 		-45.234 		55.341
v 9 		-45.22 		55.317
v 7.998 		-35.328 		54.955
v 7.998 		-35.276 		54.82
v 7.998 		-35.229 		54.679
v 9 		-22.909 		55.021
v 7.998 		-35.188 		54.53
v 9 		-22.878 		51.464
v 9 		-22.923 		54.992
v 7.998 		-35.154 		54.374
v 9 		-45.546 		55.568
v 9 		-22.895 		51.493
v 9 		-22.938 		54.962
v 9 		-45.521 		55.565
v 9 		-22.954 		54.931
v 9 		-45.496 		55.56
v 9 		-22.972 		54.898
v 9 		-45.474 		55.554
v 9 		-22.911 		51.523
v 9 		-22.992 		54.867
v 9 		-22.927 		51.554
v 9 		-23.014 		54.834
v 9 		-23.036 		54.799
v 9 		-22.943 		51.586
v 9 		-22.829 		55.281
v 7.998 		-42.048 		55.929
v 9 		-35.96 		54.239
v 7.998 		-42.477 		55.532
v 9 		-35.948 		54.104
v 9 		-35.939 		53.962
v 7.998 		-42.437 		55.55
v 7.998 		-42.416 		55.558
v 7.998 		-42.394 		55.563
v 7.998 		-42.371 		55.567
v 9 		-35.932 		53.815
v 9 		-35.928 		53.66
v 9 		-44.501 		51.066
v 9 		-35.927 		53.5
v 9 		-43.832 		51.066
v 9 		-35.928 		53.339
v 9 		-22.832 		55.257
v 9 		-35.078 		53.687
v 9 		-35.075 		53.5
v 9 		-35.078 		53.315
v 9 		-22.842 		55.207
v 9 		-22.849 		55.182
v 9 		-22.856 		55.156
v 9 		-35.125 		54.211
v 9 		-35.103 		54.042
v 9 		-35.088 		53.867
v 9 		-22.864 		55.13
v 9 		-22.874 		55.103
v 9 		-22.884 		55.075
v 9 		-36.239 		55.249
v 9 		-36.196 		55.179
v 9 		-22.896 		55.048
v 9 		-36.157 		55.101
v 9 		-36.121 		55.016
v 9 		-36.089 		54.925
v 7.998 		-23.884 		55.329
v 7.998 		-23.879 		55.36
v 7.998 		-23.871 		55.387
v 7.998 		-23.863 		55.411
v 7.998 		-42.347 		55.57
v 7.998 		-42.322 		55.571
v 7.998 		-42.275 		55.571
v 7.998 		-41.62 		55.313
v 7.998 		-41.607 		55.337
v 7.998 		-41.592 		55.359
v 7.998 		-41.56 		55.4
v 7.998 		-41.576 		55.379
v 7.998 		-41.541 		55.419
v 7.998 		-41.521 		55.436
v 7.998 		-41.5 		55.451
v 7.998 		-41.477 		55.465
v 9 		-36.061 		54.826
v 7.998 		-23.853 		55.435
v 9 		-36.035 		54.722
v 7.998 		-23.843 		55.456
v 7.998 		-41.452 		55.477
v 9 		-36.012 		54.611
v 7.998 		-41.425 		55.488
v 9 		-35.992 		54.493
v 7.998 		-41.397 		55.497
v 7.998 		-41.366 		55.503
v 9 		-35.974 		54.369
v 9 		-23.809 		55.506
v 9 		-23.82 		55.492
v 9 		-23.832 		55.475
v 7.998 		-23.832 		55.475
v 7.998 		-41.333 		55.508
v 9 		-23.843 		55.456
v 9 		-23.853 		55.435
v 9 		-23.863 		55.411
v 9 		-23.871 		55.387
v 9 		-23.879 		55.36
v 9 		-23.884 		55.329
v 7.998 		-41.299 		55.511
v 7.998 		-23.82 		55.492
v 9 		-23.736 		55.551
v 9 		-35.451 		55.202
v 7.998 		-41.262 		55.512
v 7.998 		-23.809 		55.506
v 9 		-35.387 		55.082
v 9 		-23.753 		55.545
v 9 		-23.768 		55.538
v 9 		-23.783 		55.529
v 9 		-23.796 		55.518
v 7.998 		-23.796 		55.518
v 7.998 		-39.572 		51.066
v 9 		-35.328 		54.955
v 7.998 		-40.448 		51.2
v 7.998 		-23.783 		55.529
v 9 		-35.276 		54.82
v 9 		-23.634 		55.571
v 9 		-23.67 		55.569
v 7.998 		-40.862 		51.701
v 9 		-23.687 		55.566
v 9 		-23.704 		55.562
v 9 		-23.72 		55.557
v 7.998 		-23.768 		55.538
v 9 		-35.229 		54.679
v 7.998 		-23.753 		55.545
v 9 		-35.188 		54.53
v 7.998 		-40.867 		51.666
v 9 		-23.418 		55.929
v 9 		-35.154 		54.374
v 7.998 		-40.874 		51.635
v 9 		-23.055 		55.574
v 7.998 		-40.881 		51.609
v 9 		-23.104 		55.576
v 7.998 		-40.888 		51.584
v 9 		-23.104 		55.929
v 7.998 		-36.786 		55.561
v 9 		-23.418 		55.571
v 7.998 		-40.897 		51.561
v 7.998 		-36.71 		55.557
v 7.998 		-40.907 		51.539
v 7.998 		-40.917 		51.52
v 7.998 		-36.638 		55.545
v 7.998 		-40.929 		51.503
v 7.998 		-36.57 		55.525
v 7.998 		-40.94 		51.489
v 7.998 		-36.505 		55.498
v 9 		-22.826 		55.304
v 9 		-22.824 		55.328
v 9 		-22.822 		55.374
v 7.998 		-40.953 		51.477
v 9 		-22.824 		55.41
v 9 		-22.829 		55.442
v 9 		-22.838 		55.47
v 9 		-22.85 		55.494
v 9 		-22.865 		55.515
v 9 		-22.884 		55.531
v 7.998 		-36.444 		55.462
v 9 		-22.909 		55.545
v 7.998 		-36.388 		55.419
v 9 		-22.938 		55.556
v 9 		-22.972 		55.565
v 9 		-23.011 		55.571
v 7.998 		-39.949 		51.477
v 7.998 		-36.786 		56.003
v 7.998 		-39.962 		51.489
v 7.998 		-36.652 		55.997
v 7.998 		-39.975 		51.503
v 7.998 		-36.523 		55.982
v 7.998 		-39.986 		51.52
v 7.998 		-36.4 		55.957
v 7.998 		-39.997 		51.539
v 7.998 		-40.007 		51.561
v 7.998 		-40.015 		51.584
v 7.998 		-36.335 		55.369
v 7.998 		-23.736 		55.551
v 7.998 		-40.023 		51.609
v 7.998 		-36.285 		55.313
v 7.998 		-40.03 		51.635
v 7.998 		-40.035 		51.666
v 7.998 		-36.281 		55.922
v 7.998 		-23.72 		55.557
v 7.998 		-40.04 		51.701
v 7.998 		-36.167 		55.876
v 7.998 		-23.704 		55.562
v 7.998 		-36.059 		55.821
v 7.998 		-40.852 		51.871
v 7.998 		-35.955 		55.758
v 7.998 		-35.857 		55.686
v 7.998 		-23.687 		55.566
v 7.998 		-40.043 		51.738
v 7.998 		-23.67 		55.569
v 7.998 		-40.046 		51.779
v 7.998 		-23.634 		55.571
v 7.998 		-40.047 		51.823
v 7.998 		-35.765 		55.606
v 7.998 		-40.048 		51.871
v 7.998 		-35.678 		55.518
v 7.998 		-35.597 		55.421
v 7.998 		-40.853 		51.823
v 7.998 		-23.418 		55.929
v 7.998 		-35.521 		55.316
v 7.998 		-23.418 		55.571
v 7.998 		-40.855 		51.779
v 7.998 		-23.104 		55.929
v 7.998 		-40.858 		51.738
v 7.998 		-23.104 		55.576
v 7.998 		-23.055 		55.574
v 9 		-36.786 		55.561
v 7.998 		-39.572 		51.429
v 7.998 		-39.788 		51.429
v 7.998 		-23.011 		55.571
v 7.998 		-39.824 		51.431
v 9 		-36.71 		55.557
v 7.998 		-22.972 		55.565
v 9 		-36.638 		55.545
v 7.998 		-22.938 		55.556
v 7.998 		-22.909 		55.545
v 9 		-36.57 		55.525
v 7.998 		-39.841 		51.433
v 9 		-36.505 		55.498
v 7.998 		-39.858 		51.436
v 9 		-42.695 		55.311
v 7.998 		-39.875 		51.44
v 9 		-36.444 		55.462
v 9 		-42.674 		55.341
v 7.998 		-39.891 		51.444
v 9 		-36.388 		55.419
v 9 		-42.654 		55.368
v 7.998 		-39.906 		51.45
v 9 		-42.634 		55.394
v 9 		-22.402 		55.063
v 9 		-22.46 		54.977
v 7.998 		-22.884 		55.531
v 9 		-36.786 		56.003
v 9 		-22.314 		55.181
v 9 		-22.343 		55.143
v 9 		-22.372 		55.103
v 7.998 		-22.865 		55.515
v 9 		-36.652 		55.997
v 7.998 		-22.85 		55.494
v 9 		-36.523 		55.982
v 7.998 		-22.838 		55.47
v 9 		-36.4 		55.957
v 9 		-22.228 		55.287
v 9 		-22.256 		55.253
v 7.998 		-22.829 		55.442
v 7.998 		-22.824 		55.41
v 7.998 		-22.822 		55.374
v 9 		-36.335 		55.369
v 7.998 		-22.824 		55.328
v 9 		-36.285 		55.313
v 9 		-21.258 		54.668
v 7.998 		-22.826 		55.304
v 9 		-21.273 		54.687
v 9 		-21.286 		54.707
v 9 		-36.281 		55.922
v 9 		-21.299 		54.731
v 9 		-36.167 		55.876
v 7.998 		-22.46 		54.977
v 7.998 		-22.402 		55.063
v 9 		-21.312 		54.756
v 9 		-36.059 		55.821
v 9 		-42.614 		55.417
v 9 		-35.955 		55.758
v 9 		-35.857 		55.686
v 9 		-42.594 		55.439
v 9 		-42.555 		55.477
v 9 		-42.574 		55.458
v 7.998 		-22.372 		55.103
v 9 		-35.765 		55.606
v 7.998 		-22.343 		55.143
v 9 		-21.323 		54.782
v 9 		-35.678 		55.518
v 7.998 		-22.314 		55.181
v 9 		-35.597 		55.421
v 9 		-42.535 		55.493
v 7.998 		-22.256 		55.253
v 9 		-35.521 		55.316
v 9 		-42.516 		55.508
v 7.998 		-22.228 		55.287
v 7.998 		-39.921 		51.457
v 7.998 		-39.935 		51.466
v 9 		-21.002 		54.587
v 7.998 		-21.323 		54.782
v 7.998 		-21.312 		54.756
v 7.998 		-21.299 		54.731
v 7.998 		-21.286 		54.707
v 7.998 		-21.273 		54.687
v 7.998 		-21.258 		54.668
v 9 		-21.027 		54.58
v 9 		-34.185 		55.294
v 7.998 		-34.185 		55.294
v 9 		-34.181 		55.257
v 7.998 		-34.181 		55.257
v 9 		-34.178 		55.216
v 7.998 		-34.178 		55.216
v 9 		-34.176 		55.172
v 7.998 		-34.176 		55.172
v 7.998 		-21.243 		54.651
v 7.998 		-21.228 		54.635
v 7.998 		-21.212 		54.621
v 7.998 		-21.195 		54.609
v 7.998 		-21.177 		54.598
v 7.998 		-21.158 		54.59
v 7.998 		-21.138 		54.583
v 7.998 		-21.119 		54.578
v 7.998 		-21.099 		54.576
v 7.998 		-21.078 		54.575
v 7.998 		-21.053 		54.576
v 7.998 		-21.027 		54.58
v 9 		-33.371 		55.198
v 7.998 		-33.371 		55.198
v 7.998 		-21.002 		54.587
v 9 		-33.369 		55.239
v 7.998 		-20.977 		54.596
v 7.998 		-20.953 		54.609
v 7.998 		-20.928 		54.624
v 7.998 		-20.902 		54.643
v 7.998 		-20.877 		54.664
v 7.998 		-20.85 		54.687
v 7.998 		-20.824 		54.713
v 7.998 		-20.798 		54.741
v 7.998 		-20.771 		54.771
v 9 		-42.496 		55.521
v 7.998 		-36.934 		51.002
v 7.998 		-37.55 		51.174
v 7.998 		-37.439 		51.12
v 9 		-42.275 		55.929
v 7.998 		-33.369 		55.239
v 9 		-33.367 		55.276
v 7.998 		-33.367 		55.276
v 9 		-42.048 		55.929
v 7.998 		-21.374 		55.038
v 7.998 		-21.372 		55.002
v 7.998 		-21.369 		54.967
v 7.998 		-21.364 		54.933
v 7.998 		-34.439 		55.571
v 7.998 		-34.651 		55.571
v 9 		-21.053 		54.576
v 7.998 		-34.401 		55.569
v 9 		-21.078 		54.575
v 7.998 		-34.383 		55.566
v 9 		-21.099 		54.576
v 7.998 		-34.366 		55.562
v 9 		-21.119 		54.578
v 7.998 		-34.349 		55.557
v 9 		-21.138 		54.583
v 7.998 		-34.317 		55.545
v 7.998 		-21.359 		54.901
v 9 		-21.158 		54.59
v 7.998 		-21.352 		54.869
v 7.998 		-21.343 		54.839
v 7.998 		-21.334 		54.81
v 9 		-21.177 		54.598
v 7.998 		-21.002 		55.262
v 9 		-42.477 		55.532
v 9 		-21.195 		54.609
v 7.998 		-21.034 		55.242
v 7.998 		-21.066 		55.221
v 7.998 		-37.322 		51.076
v 9 		-21.212 		54.621
v 7.998 		-21.096 		55.202
v 7.998 		-34.651 		55.929
v 9 		-21.228 		54.635
v 7.998 		-21.126 		55.184
v 9 		-21.243 		54.651
v 7.998 		-34.303 		55.538
v 7.998 		-34.289 		55.529
v 9 		-20.771 		54.771
v 9 		-20.798 		54.741
v 7.998 		-34.276 		55.518
v 9 		-20.824 		54.713
v 7.998 		-34.264 		55.506
v 9 		-20.85 		54.687
v 7.998 		-34.252 		55.492
v 9 		-20.877 		54.664
v 9 		-20.902 		54.643
v 7.998 		-34.241 		55.475
v 9 		-20.928 		54.624
v 7.998 		-34.23 		55.456
v 9 		-20.953 		54.609
v 7.998 		-34.22 		55.435
v 9 		-20.977 		54.596
v 7.998 		-34.204 		55.387
v 7.998 		-34.197 		55.36
v 9 		-21.334 		54.81
v 7.998 		-34.191 		55.329
v 9 		-21.343 		54.839
v 9 		-21.352 		54.869
v 9 		-21.359 		54.901
v 9 		-44.557 		51.431
v 9 		-21.364 		54.933
v 9 		-21.369 		54.967
v 9 		-44.607 		51.435
v 7.998 		-33.363 		55.311
v 9 		-21.372 		55.002
v 9 		-44.65 		51.443
v 7.998 		-33.28 		55.929
v 9 		-21.374 		55.038
v 9 		-44.688 		51.453
v 7.998 		-33.358 		55.342
v 7.998 		-37.198 		51.042
v 7.998 		-37.069 		51.017
v 9 		-44.72 		51.467
v 9 		-44.746 		51.483
v 7.998 		-38.324 		52.182
v 7.998 		-38.274 		52.046
v 7.998 		-38.218 		51.918
v 7.998 		-38.156 		51.798
v 7.998 		-38.088 		51.684
v 7.998 		-38.014 		51.579
v 7.998 		-37.934 		51.482
v 9 		-44.769 		51.504
v 9 		-21.374 		55.075
v 7.998 		-33.353 		55.37
v 9 		-44.787 		51.529
v 7.998 		-33.345 		55.396
v 9 		-44.801 		51.556
v 7.998 		-33.337 		55.421
v 9 		-44.811 		51.586
v 7.998 		-33.327 		55.443
v 7.998 		-21.156 		55.168
v 7.998 		-33.317 		55.463
v 9 		-44.817 		51.619
v 7.998 		-21.185 		55.153
v 9 		-21.322 		55.093
v 9 		-21.296 		55.103
v 9 		-21.269 		55.114
v 7.998 		-33.306 		55.481
v 9 		-44.819 		51.655
v 7.998 		-33.294 		55.497
v 9 		-21.126 		55.184
v 9 		-21.096 		55.202
v 9 		-21.066 		55.221
v 9 		-21.034 		55.242
v 9 		-44.818 		51.691
v 9 		-42.437 		55.55
v 7.998 		-33.283 		55.509
v 9 		-21.241 		55.126
v 9 		-21.213 		55.139
v 9 		-21.185 		55.153
v 9 		-21.156 		55.168
v 9 		-21.002 		55.262
v 9 		-44.501 		51.429
v 9 		-42.416 		55.558
v 7.998 		-36.87 		51.443
v 9 		-20.488 		55.177
v 7.998 		-37.848 		51.393
v 7.998 		-37.755 		51.312
v 7.998 		-37.656 		51.239
v 9 		-20.519 		55.128
v 9 		-44.815 		51.728
v 7.998 		-36.942 		51.454
v 9 		-20.549 		55.081
v 9 		-20.578 		55.035
v 9 		-42.394 		55.563
v 7.998 		-37.01 		51.473
v 9 		-44.809 		51.764
v 9 		-20.606 		54.992
v 7.998 		-37.075 		51.5
v 9 		-20.635 		54.95
v 7.998 		-37.135 		51.535
v 9 		-20.664 		54.91
v 7.998 		-37.192 		51.577
v 9 		-42.371 		55.567
v 9 		-20.691 		54.873
v 9 		-20.718 		54.837
v 7.998 		-37.246 		51.626
v 9 		-44.8 		51.801
v 9 		-20.745 		54.803
v 7.998 		-37.297 		51.682
v 9 		-44.789 		51.838
v 9 		-44.776 		51.876
v 9 		-42.347 		55.57
v 7.998 		-37.344 		51.746
v 9 		-44.748 		51.946
v 7.998 		-21.213 		55.139
v 7.998 		-37.387 		51.816
v 9 		-44.734 		51.979
v 7.998 		-37.427 		51.894
v 7.998 		-21.241 		55.126
v 9 		-42.322 		55.571
v 7.998 		-21.269 		55.114
v 7.998 		-32.896 		55.929
v 9 		-42.275 		55.571
v 7.998 		-21.296 		55.103
v 7.998 		-21.322 		55.093
v 7.998 		-21.374 		55.075
v 7.998 		-33.271 		55.521
v 9 		-41.62 		55.313
v 7.998 		-33.258 		55.53
v 9 		-41.607 		55.337
v 7.998 		-20.969 		55.284
v 7.998 		-20.745 		54.803
v 9 		-41.592 		55.359
v 7.998 		-20.718 		54.837
v 7.998 		-20.691 		54.873
v 7.998 		-20.664 		54.91
v 9 		-44.719 		52.011
v 7.998 		-20.635 		54.95
v 9 		-20.969 		55.284
v 7.998 		-20.606 		54.992
v 7.998 		-20.578 		55.035
v 7.998 		-20.549 		55.081
v 9 		-44.704 		52.042
v 7.998 		-20.519 		55.128
v 7.998 		-20.488 		55.177
v 9 		-44.688 		52.072
v 9 		-22.02 		55.479
v 9 		-22.05 		55.457
v 9 		-22.08 		55.434
v 9 		-22.109 		55.409
v 9 		-22.139 		55.38
v 9 		-22.169 		55.35
v 9 		-22.199 		55.319
v 9 		-21.729 		55.929
v 7.998 		-22.199 		55.319
v 9 		-43.505 		51.702
v 9 		-43.504 		51.689
v 7.998 		-37.463 		51.979
v 7.998 		-22.169 		55.35
v 7.998 		-37.496 		52.07
v 7.998 		-22.139 		55.38
v 7.998 		-22.109 		55.409
v 7.998 		-37.527 		52.169
v 7.998 		-22.08 		55.434
v 7.998 		-22.05 		55.457
v 9 		-43.504 		51.676
v 9 		-43.503 		51.663
v 7.998 		-22.02 		55.479
v 9 		-43.503 		51.65
v 7.998 		-38.5 		53.14
v 7.998 		-38.486 		52.965
v 7.998 		-38.465 		52.796
v 7.998 		-38.438 		52.633
v 7.998 		-38.406 		52.474
v 7.998 		-38.368 		52.324
v 7.998 		-21.729 		55.929
v 7.998 		-37.554 		52.273
v 7.998 		-21.989 		55.498
v 7.998 		-21.958 		55.516
v 7.998 		-37.578 		52.385
v 9 		-43.512 		51.583
v 7.998 		-21.926 		55.531
v 7.998 		-37.599 		52.502
v 7.998 		-21.895 		55.545
v 9 		-43.537 		51.527
v 7.998 		-37.616 		52.627
v 7.998 		-21.864 		55.556
v 7.998 		-37.63 		52.757
v 7.998 		-21.831 		55.565
v 7.998 		-37.641 		52.894
v 7.998 		-21.798 		55.571
v 9 		-43.58 		51.485
v 7.998 		-21.764 		55.574
v 7.998 		-37.649 		53.036
v 7.998 		-21.729 		55.576
v 7.998 		-20.595 		55.6
v 7.998 		-37.655 		53.185
v 9 		-43.64 		51.454
v 7.998 		-20.636 		55.56
v 7.998 		-39.272 		55.288
v 7.998 		-33.244 		55.539
v 9 		-43.716 		51.435
v 9 		-41.56 		55.4
v 9 		-41.576 		55.379
v 7.998 		-33.214 		55.551
v 9 		-43.81 		51.429
v 9 		-43.832 		51.429
v 9 		-41.541 		55.419
v 7.998 		-33.197 		55.557
v 7.998 		-33.18 		55.562
v 9 		-41.521 		55.436
v 9 		-21.729 		55.576
v 9 		-41.5 		55.451
v 7.998 		-20.677 		55.522
v 7.998 		-33.163 		55.566
v 7.998 		-39.262 		55.261
v 7.998 		-20.716 		55.486
v 9 		-21.764 		55.574
v 9 		-21.798 		55.571
v 9 		-21.831 		55.565
v 7.998 		-39.254 		55.232
v 9 		-21.864 		55.556
v 9 		-21.895 		55.545
v 7.998 		-20.755 		55.452
v 9 		-21.926 		55.531
v 9 		-21.958 		55.516
v 9 		-21.989 		55.498
v 7.998 		-39.247 		55.201
v 7.998 		-20.792 		55.42
v 7.998 		-39.241 		55.168
v 7.998 		-20.829 		55.389
v 9 		-20.935 		55.308
v 9 		-20.901 		55.334
v 9 		-20.866 		55.361
v 7.998 		-39.235 		55.134
v 7.998 		-20.866 		55.361
v 7.998 		-20.901 		55.334
v 7.998 		-39.23 		55.099
v 7.998 		-39.225 		55.063
v 7.998 		-20.935 		55.308
v 7.998 		-39.221 		55.026
v 7.998 		-39.185 		54.604
v 9 		-41.477 		55.465
v 7.998 		-19.968 		51.712
v 9 		-20.829 		55.389
v 9 		-20.792 		55.42
v 9 		-20.755 		55.452
v 9 		-20.716 		55.486
v 9 		-20.677 		55.522
v 9 		-20.636 		55.56
v 9 		-20.595 		55.6
v 7.998 		-33.146 		55.569
v 7.998 		-33.129 		55.57
v 7.998 		-33.111 		55.571
v 9 		-41.452 		55.477
v 7.998 		-32.896 		55.571
v 9 		-41.425 		55.488
v 9 		-41.397 		55.497
v 9 		-34.439 		55.571
v 9 		-34.651 		55.571
v 9 		-41.366 		55.503
v 9 		-34.401 		55.569
v 9 		-41.333 		55.508
v 9 		-34.383 		55.566
v 9 		-41.299 		55.511
v 9 		-34.366 		55.562
v 9 		-43.595 		51.96
v 9 		-41.262 		55.512
v 9 		-34.349 		55.557
v 9 		-43.584 		51.935
v 9 		-43.573 		51.911
v 9 		-34.317 		55.545
v 9 		-43.563 		51.888
v 9 		-43.554 		51.867
v 9 		-34.651 		55.929
v 9 		-43.546 		51.847
v 9 		-43.539 		51.829
v 9 		-43.532 		51.812
v 9 		-43.527 		51.796
v 9 		-34.303 		55.538
v 9 		-43.521 		51.781
v 9 		-39.572 		51.066
v 9 		-34.289 		55.529
v 9 		-34.276 		55.518
v 9 		-43.671 		52.121
v 9 		-43.654 		52.085
v 9 		-43.637 		52.05
v 9 		-43.622 		52.018
v 9 		-43.608 		51.988
v 9 		-34.264 		55.506
v 9 		-43.513 		51.753
v 9 		-43.51 		51.74
v 9 		-34.252 		55.492
v 9 		-43.507 		51.729
v 9 		-34.241 		55.475
v 9 		-43.506 		51.716
v 9 		-34.23 		55.456
v 9 		-34.22 		55.435
v 9 		-44.139 		53.068
v 9 		-34.204 		55.387
v 9 		-34.197 		55.36
v 9 		-34.191 		55.329
v 9 		-42.158 		51.066
v 9 		-41.328 		51.066
v 9 		-49.003 		51.066
v 9 		-48.755 		51.43
v 9 		-48.737 		51.432
v 9 		-48.721 		51.434
v 9 		-49.003 		51.429
v 9 		-48.79 		51.429
v 9 		-48.772 		51.43
v 7.998 		-40.852 		55.512
v 7.998 		-40.048 		55.512
v 9 		-33.363 		55.311
v 9 		-33.358 		55.342
v 7.998 		-39.642 		55.512
v 7.998 		-39.605 		55.511
v 7.998 		-39.57 		55.508
v 7.998 		-39.538 		55.503
v 9 		-48.704 		51.436
v 9 		-48.688 		51.439
v 9 		-48.673 		51.445
v 9 		-48.658 		51.452
v 9 		-48.643 		51.461
v 7.998 		-39.507 		55.497
v 7.998 		-39.478 		55.488
v 9 		-33.353 		55.37
v 7.998 		-39.452 		55.477
v 9 		-29.419 		45
v 9 		-33.345 		55.396
v 7.998 		-39.427 		55.465
v 7.998 		-49.003 		51.066
v 9 		-48.63 		51.472
v 9 		-48.616 		51.484
v 9 		-48.592 		51.512
v 9 		-33.337 		55.421
v 9 		-48.582 		51.529
v 9 		-48.572 		51.548
v 9 		-48.563 		51.57
v 9 		-48.556 		51.594
v 9 		-48.542 		51.648
v 9 		-48.537 		51.679
v 9 		-33.327 		55.443
v 7.998 		-48.643 		51.461
v 7.998 		-39.404 		55.451
v 7.998 		-48.658 		51.452
v 9 		-33.317 		55.463
v 9 		-48.533 		51.713
v 9 		-48.53 		51.749
v 9 		-48.528 		51.789
v 9 		-48.527 		51.832
v 7.998 		-48.673 		51.445
v 9 		-33.306 		55.481
v 9 		-47.723 		51.483
v 7.998 		-48.688 		51.439
v 9 		-33.294 		55.497
v 9 		-33.283 		55.509
v 7.998 		-48.704 		51.436
v 7.998 		-39.382 		55.436
v 7.998 		-48.721 		51.434
v 9 		-45.774 		51.066
v 7.998 		-48.737 		51.432
v 9 		-46.008 		51.066
v 7.998 		-39.362 		55.419
v 7.998 		-39.344 		55.4
v 7.998 		-48.755 		51.43
v 7.998 		-39.327 		55.379
v 7.998 		-39.311 		55.359
v 7.998 		-39.297 		55.337
v 7.998 		-48.772 		51.43
v 7.998 		-48.79 		51.429
v 7.998 		-39.284 		55.313
v 7.998 		-49.003 		51.429
v 7.998 		-37.659 		53.66
v 7.998 		-37.655 		53.815
v 7.998 		-38.465 		54.211
v 7.998 		-48.537 		51.679
v 7.998 		-48.542 		51.648
v 7.998 		-48.556 		51.594
v 7.998 		-38.486 		54.043
v 7.998 		-38.5 		53.87
v 7.998 		-48.563 		51.57
v 9 		-32.896 		55.929
v 7.998 		-48.572 		51.548
v 9 		-33.271 		55.521
v 7.998 		-48.582 		51.529
v 7.998 		-48.592 		51.512
v 7.998 		-38.509 		53.69
v 7.998 		-38.512 		53.505
v 7.998 		-38.509 		53.32
v 9 		-33.258 		55.53
v 7.998 		-37.649 		53.962
v 7.998 		-48.616 		51.484
v 7.998 		-37.641 		54.104
v 9 		-33.244 		55.539
v 7.998 		-48.63 		51.472
v 7.998 		-37.63 		54.239
v 9 		-33.214 		55.551
v 7.998 		-48.527 		51.832
v 7.998 		-37.659 		53.339
v 9 		-40.862 		51.701
v 7.998 		-48.528 		51.789
v 9 		-33.197 		55.557
v 7.998 		-37.66 		53.5
v 7.998 		-48.53 		51.749
v 9 		-40.867 		51.666
v 7.998 		-48.533 		51.713
v 7.998 		-38.856 		54.604
v 9 		-33.18 		55.562
v 7.998 		-38.156 		55.207
v 7.998 		-38.218 		55.087
v 7.998 		-38.274 		54.959
v 7.998 		-38.324 		54.823
v 7.998 		-38.368 		54.681
v 7.998 		-47.723 		51.483
v 9 		-40.874 		51.635
v 7.998 		-38.406 		54.53
v 7.998 		-38.438 		54.374
v 9 		-40.881 		51.609
v 7.998 		-37.616 		54.369
v 9 		-40.888 		51.584
v 7.998 		-37.599 		54.493
v 9 		-40.897 		51.561
v 7.998 		-37.578 		54.611
v 7.998 		-37.554 		54.722
v 9 		-40.907 		51.539
v 7.998 		-37.527 		54.826
v 9 		-40.917 		51.52
v 7.998 		-37.496 		54.925
v 9 		-40.929 		51.503
v 7.998 		-37.463 		55.016
v 7.998 		-37.427 		55.101
v 9 		-40.94 		51.489
v 7.998 		-37.387 		55.179
v 9 		-40.953 		51.477
v 7.998 		-37.344 		55.249
v 7.998 		-38.856 		55.929
v 9 		-39.949 		51.477
v 7.998 		-37.932 		55.52
v 7.998 		-38.013 		55.424
v 7.998 		-38.088 		55.32
v 9 		-39.962 		51.489
v 9 		-39.975 		51.503
v 7.998 		-37.436 		55.876
v 7.998 		-37.547 		55.821
v 7.998 		-37.652 		55.758
v 7.998 		-37.752 		55.687
v 7.998 		-37.845 		55.608
v 9 		-39.986 		51.52
v 9 		-33.163 		55.566
v 9 		-39.997 		51.539
v 9 		-40.007 		51.561
v 7.998 		-36.929 		55.997
v 7.998 		-37.066 		55.982
v 7.998 		-37.196 		55.957
v 7.998 		-37.319 		55.922
v 9 		-33.146 		55.569
v 9 		-40.015 		51.584
v 7.998 		-37.297 		55.313
v 9 		-40.023 		51.609
v 9 		-33.129 		55.57
v 9 		-40.03 		51.635
v 9 		-40.035 		51.666
v 9 		-33.111 		55.571
v 9 		-40.04 		51.701
v 9 		-40.043 		51.738
v 9 		-40.046 		51.779
v 9 		-40.047 		51.823
v 9 		-40.048 		51.871
v 9 		-40.852 		51.871
v 9 		-40.853 		51.823
v 9 		-42.158 		51.429
v 9 		-42.227 		51.429
v 9 		-40.855 		51.779
v 9 		-42.259 		51.431
v 9 		-40.858 		51.738
v 9 		-42.292 		51.437
v 9 		-39.572 		51.429
v 9 		-42.325 		51.448
v 9 		-39.788 		51.429
v 9 		-39.824 		51.431
v 9 		-42.359 		51.462
v 9 		-39.841 		51.433
v 9 		-42.393 		51.48
v 9 		-39.858 		51.436
v 9 		-42.428 		51.503
v 9 		-39.875 		51.44
v 9 		-42.463 		51.531
v 9 		-39.891 		51.444
v 9 		-42.498 		51.567
v 9 		-39.906 		51.45
v 9 		-32.896 		55.571
v 9 		-39.921 		51.457
v 9 		-31.66 		51.066
v 7.998 		-31.66 		51.066
v 9 		-39.935 		51.466
v 7.998 		-37.246 		55.369
v 7.998 		-31.923 		52.587
v 9 		-31.923 		52.587
v 9 		-32.007 		52.072
v 7.998 		-32.007 		52.072
v 7.998 		-37.192 		55.419
v 9 		-32.023 		51.979
v 7.998 		-32.023 		51.979
v 7.998 		-37.135 		55.462
v 9 		-32.043 		51.894
v 7.998 		-32.043 		51.894
v 7.998 		-37.074 		55.498
v 9 		-32.065 		51.817
v 7.998 		-32.065 		51.817
v 7.998 		-37.008 		55.525
v 9 		-32.09 		51.747
v 7.998 		-32.09 		51.747
v 9 		-36.934 		51.002
v 9 		-32.118 		51.685
v 7.998 		-32.118 		51.685
v 7.998 		-36.939 		55.545
v 9 		-37.069 		51.017
v 9 		-32.15 		51.63
v 7.998 		-32.15 		51.63
v 9 		-37.198 		51.042
v 7.998 		-36.865 		55.557
v 9 		-32.185 		51.586
v 7.998 		-32.185 		51.586
v 9 		-37.322 		51.076
v 9 		-32.225 		51.549
v 7.998 		-32.225 		51.549
v 9 		-37.439 		51.12
v 9 		-32.269 		51.52
v 7.998 		-32.269 		51.52
v 9 		-37.55 		51.174
v 9 		-32.317 		51.5
v 7.998 		-32.317 		51.5
v 9 		-42.532 		51.611
v 9 		-42.566 		51.662
v 9 		-42.6 		51.721
v 9 		-42.633 		51.788
v 9 		-40.966 		51.466
v 9 		-40.979 		51.457
v 9 		-40.994 		51.45
v 9 		-41.009 		51.444
v 9 		-41.026 		51.44
v 9 		-41.042 		51.436
v 9 		-32.37 		51.487
v 7.998 		-32.37 		51.487
v 9 		-32.428 		51.483
v 7.998 		-32.428 		51.483
v 7.998 		-46.008 		51.066
v 9 		-41.06 		51.433
v 7.998 		-45.774 		51.066
v 9 		-41.078 		51.431
v 7.998 		-46.593 		51.507
v 9 		-41.096 		51.43
v 9 		-41.115 		51.429
v 7.998 		-31.66 		52.587
v 9 		-31.66 		52.587
v 7.998 		-46.614 		51.499
v 9 		-41.328 		51.429
v 7.998 		-46.635 		51.492
v 7.998 		-30.011 		51.066
v 9 		-30.011 		51.066
v 7.998 		-46.657 		51.487
v 7.998 		-46.681 		51.484
v 7.998 		-46.706 		51.483
v 7.998 		-46.444 		51.704
v 7.998 		-46.455 		51.677
v 7.998 		-29.7 		51.439
v 7.998 		-29.716 		51.436
v 7.998 		-29.748 		51.432
v 7.998 		-29.765 		51.43
v 7.998 		-29.782 		51.43
v 7.998 		-29.799 		51.429
v 7.998 		-30.011 		51.429
v 7.998 		-29.67 		51.452
v 7.998 		-29.684 		51.445
v 7.998 		-29.545 		51.711
v 7.998 		-29.549 		51.677
v 7.998 		-29.554 		51.645
v 7.998 		-29.561 		51.616
v 7.998 		-29.568 		51.591
v 9 		-37.934 		51.482
v 7.998 		-29.575 		51.567
v 9 		-38.014 		51.579
v 7.998 		-29.584 		51.546
v 9 		-38.088 		51.684
v 7.998 		-29.594 		51.526
v 9 		-38.156 		51.798
v 9 		-38.218 		51.918
v 7.998 		-29.604 		51.509
v 9 		-38.274 		52.046
v 7.998 		-29.616 		51.493
v 9 		-38.324 		52.182
v 7.998 		-29.628 		51.481
v 7.998 		-29.641 		51.47
v 9 		-36.87 		51.443
v 7.998 		-29.655 		51.46
v 9 		-36.942 		51.454
v 9 		-37.01 		51.473
v 7.998 		-29.539 		51.832
v 7.998 		-29.54 		51.789
v 7.998 		-29.542 		51.749
v 9 		-43.565 		53.731
v 9 		-29.7 		51.439
v 9 		-29.716 		51.436
v 9 		-29.748 		51.432
v 9 		-44.326 		53.456
v 9 		-29.765 		51.43
v 9 		-43.748 		54.123
v 9 		-44.222 		55.082
v 9 		-44.205 		55.045
v 9 		-29.782 		51.43
v 9 		-44.294 		55.291
v 9 		-44.286 		55.26
v 9 		-44.276 		55.228
v 9 		-44.264 		55.193
v 9 		-44.251 		55.157
v 9 		-44.237 		55.12
v 9 		-44.188 		55.006
v 9 		-44.169 		54.967
v 9 		-37.075 		51.5
v 9 		-37.135 		51.535
v 9 		-37.192 		51.577
v 9 		-37.246 		51.626
v 9 		-43.306 		54.952
v 9 		-43.29 		54.984
v 9 		-43.274 		55.017
v 9 		-43.244 		55.085
v 9 		-43.229 		55.121
v 9 		-43.214 		55.159
v 9 		-29.799 		51.429
v 9 		-43.2 		55.197
v 9 		-43.188 		55.234
v 9 		-43.179 		55.27
v 9 		-37.297 		51.682
v 9 		-30.011 		51.429
v 9 		-37.656 		51.239
v 9 		-37.755 		51.312
v 9 		-37.848 		51.393
v 9 		-37.344 		51.746
v 9 		-37.387 		51.816
v 9 		-37.427 		51.894
v 9 		-37.463 		51.979
v 9 		-37.496 		52.07
v 9 		-37.527 		52.169
v 9 		-38.368 		52.324
v 9 		-38.406 		52.474
v 9 		-38.438 		52.633
v 9 		-38.465 		52.796
v 9 		-38.486 		52.965
v 9 		-38.5 		53.14
v 9 		-37.554 		52.273
v 9 		-37.578 		52.385
v 9 		-37.599 		52.502
v 9 		-37.616 		52.627
v 9 		-37.63 		52.757
v 9 		-37.641 		52.894
v 9 		-37.649 		53.036
v 9 		-37.655 		53.185
v 9 		-39.272 		55.288
v 9 		-39.262 		55.261
v 9 		-39.254 		55.232
v 9 		-39.247 		55.201
v 9 		-39.241 		55.168
v 9 		-29.67 		51.452
v 9 		-29.684 		51.445
v 9 		-29.545 		51.711
v 9 		-29.549 		51.677
v 9 		-29.554 		51.645
v 7.998 		-29.545 		55.276
v 7.998 		-29.542 		55.239
v 7.998 		-29.54 		55.198
v 7.998 		-29.539 		55.154
v 7.998 		-30.011 		55.571
v 7.998 		-29.799 		55.571
v 7.998 		-30.011 		55.929
v 7.998 		-29.765 		55.569
v 7.998 		-29.748 		55.566
v 7.998 		-29.732 		55.562
v 7.998 		-29.716 		55.557
v 7.998 		-29.684 		55.545
v 9 		-39.235 		55.134
v 9 		-39.23 		55.099
v 9 		-39.225 		55.063
v 9 		-39.221 		55.026
v 9 		-39.185 		54.604
v 9 		-29.561 		51.616
v 9 		-29.568 		51.591
v 9 		-29.575 		51.567
v 9 		-29.584 		51.546
v 9 		-29.594 		51.526
v 9 		-29.604 		51.509
v 9 		-29.616 		51.493
v 9 		-29.628 		51.481
v 9 		-29.641 		51.47
v 9 		-29.655 		51.46
v 9 		-29.539 		51.832
v 9 		-29.54 		51.789
v 9 		-29.542 		51.749
v 9 		-29.545 		55.276
v 9 		-29.542 		55.239
v 9 		-29.54 		55.198
v 9 		-29.539 		55.154
v 9 		-40.048 		55.512
v 9 		-40.852 		55.512
v 7.998 		-29.67 		55.539
v 7.998 		-29.655 		55.53
v 9 		-39.642 		55.512
v 7.998 		-29.641 		55.521
v 9 		-39.605 		55.511
v 7.998 		-29.628 		55.509
v 9 		-39.57 		55.508
v 7.998 		-29.616 		55.497
v 9 		-39.538 		55.503
v 9 		-39.507 		55.497
v 7.998 		-29.604 		55.481
v 9 		-39.478 		55.488
v 7.998 		-29.594 		55.463
v 9 		-39.452 		55.477
v 7.998 		-29.584 		55.443
v 9 		-39.427 		55.465
v 7.998 		-29.575 		55.421
v 7.998 		-29.568 		55.396
v 9 		-39.404 		55.451
v 7.998 		-29.561 		55.37
v 9 		-39.382 		55.436
v 9 		-39.362 		55.419
v 9 		-39.344 		55.4
v 9 		-39.327 		55.379
v 9 		-39.311 		55.359
v 9 		-39.297 		55.337
v 9 		-39.284 		55.313
v 9 		-37.63 		54.239
v 9 		-37.641 		54.104
v 9 		-37.649 		53.962
v 9 		-37.655 		53.815
v 9 		-37.659 		53.66
v 9 		-37.66 		53.5
v 9 		-37.659 		53.339
v 9 		-38.509 		53.32
v 9 		-38.512 		53.505
v 9 		-38.509 		53.69
v 9 		-38.5 		53.87
v 9 		-38.486 		54.043
v 9 		-38.465 		54.211
v 9 		-38.368 		54.681
v 9 		-38.324 		54.823
v 7.998 		-29.554 		55.342
v 9 		-38.274 		54.959
v 9 		-38.218 		55.087
v 7.998 		-29.549 		55.311
v 9 		-38.156 		55.207
v 9 		-38.856 		54.604
v 9 		-38.438 		54.374
v 9 		-38.406 		54.53
v 9 		-29.799 		55.571
v 9 		-30.011 		55.571
v 9 		-29.765 		55.569
v 9 		-29.748 		55.566
v 9 		-37.344 		55.249
v 9 		-37.387 		55.179
v 9 		-37.427 		55.101
v 9 		-37.463 		55.016
v 9 		-37.496 		54.925
v 9 		-29.732 		55.562
v 9 		-37.527 		54.826
v 9 		-37.554 		54.722
v 9 		-37.578 		54.611
v 9 		-37.599 		54.493
v 9 		-37.616 		54.369
v 9 		-38.856 		55.929
v 9 		-38.088 		55.32
v 9 		-38.013 		55.424
v 9 		-37.932 		55.52
v 9 		-37.845 		55.608
v 9 		-37.752 		55.687
v 9 		-37.652 		55.758
v 9 		-37.547 		55.821
v 9 		-37.436 		55.876
v 9 		-29.716 		55.557
v 9 		-36.939 		55.545
v 9 		-37.008 		55.525
v 9 		-37.074 		55.498
v 9 		-37.135 		55.462
v 9 		-37.192 		55.419
v 9 		-37.246 		55.369
v 9 		-37.297 		55.313
v 9 		-9.414 		45
v 9 		-30.011 		55.929
v 9 		-29.575 		55.421
v 9 		-29.568 		55.396
v 9 		-29.561 		55.37
v 9 		-29.554 		55.342
v 9 		-29.549 		55.311
v 9 		-29.684 		55.545
v 9 		-29.67 		55.539
v 9 		-29.655 		55.53
v 9 		-29.641 		55.521
v 9 		-29.628 		55.509
v 9 		-29.616 		55.497
v 9 		-29.604 		55.481
v 9 		-29.594 		55.463
v 9 		-29.584 		55.443
v 9 		-9 		60.013
v 9 		-9 		45
v -11 		-83 		54.998
v -11 		-52.998 		54.998
v -11 		-83 		45
v -11 		-9.414 		48.003
v -11 		-29.419 		48.003
v -11 		-29.419 		45
v -11 		-52.998 		60.013
v -11 		-9 		45
v -11 		-9.414 		45
v -11 		-9 		60.013
v -3.003 		-83 		54.003
v -3.003 		-83 		51.011
v -9.998 		-83 		54.998
v -9.998 		-83 		60.013
v -9.998 		-29.419 		45
v -9.998 		-9.414 		45
v -9.998 		-52.998 		60.013
v -3.003 		-16.998 		54.003
v -3.003 		-16.998 		51.011
v -9.998 		-52.998 		54.998
v -9.998 		-9.414 		48.003
v -9.998 		-29.419 		48.003
# 2517 vertices

g group_11_16448250

usemtl color_16448250
s 0

f 711 	709 	710
f 715 	716 	713
f 714 	713 	716
f 709 	722 	723
f 709 	723 	710
f 723 	722 	725
f 723 	725 	726
f 729 	722 	709
f 722 	729 	725
f 736 	738 	739
f 736 	739 	741
f 735 	754 	733
f 737 	754 	735
f 740 	754 	737
f 742 	754 	740
f 745 	746 	785
f 784 	785 	746
f 798 	784 	746
f 712 	814 	746
f 712 	770 	749
f 750 	751 	2947
f 753 	755 	2947
f 751 	753 	2947
f 755 	761 	2947
f 712 	749 	2960
f 761 	2951 	2947
f 756 	757 	754
f 754 	757 	758
f 754 	758 	759
f 754 	759 	760
f 754 	760 	762
f 754 	762 	763
f 754 	763 	764
f 754 	764 	765
f 754 	765 	766
f 754 	766 	767
f 754 	767 	768
f 754 	768 	731
f 731 	733 	754
f 754 	742 	787
f 774 	901 	773
f 744 	1345 	769
f 1198 	790 	781
f 742 	743 	787
f 785 	786 	745
f 743 	745 	786
f 2854 	791 	783
f 793 	791 	2854
f 807 	805 	811
f 807 	811 	813
f 814 	736 	808
f 809 	808 	736
f 813 	811 	815
f 813 	815 	816
f 798 	746 	814
f 736 	814 	712
f 816 	815 	818
f 816 	818 	819
f 819 	818 	821
f 819 	821 	822
f 786 	787 	743
f 822 	821 	824
f 822 	824 	826
f 826 	824 	830
f 826 	830 	831
f 1242 	1245 	825
f 838 	2947 	835
f 842 	2947 	838
f 849 	2947 	846
f 846 	2947 	842
f 843 	1123 	847
f 917 	808 	809
f 852 	2947 	849
f 1256 	1259 	845
f 847 	1123 	851
f 858 	1146 	861
f 774 	802 	901
f 802 	835 	901
f 861 	1146 	863
f 866 	870 	2949
f 870 	874 	2949
f 829 	1385 	872
f 874 	875 	2949
f 875 	878 	2949
f 878 	882 	2949
f 876 	881 	950
f 882 	719 	2949
f 1161 	877 	880
f 950 	881 	885
f 886 	1391 	887
f 720 	2949 	719
f 807 	880 	805
f 727 	894 	721
f 744 	894 	727
f 1274 	1277 	894
f 892 	895 	961
f 893 	1181 	896
f 744 	769 	894
f 961 	895 	897
f 896 	1181 	898
f 745 	772 	770
f 769 	775 	894
f 900 	967 	897
f 901 	1399 	899
f 775 	788 	894
f 788 	792 	894
f 743 	778 	745
f 772 	745 	778
f 904 	967 	900
f 778 	743 	742
f 778 	742 	782
f 792 	797 	894
f 797 	800 	894
f 740 	789 	742
f 782 	742 	789
f 800 	803 	894
f 789 	740 	737
f 789 	737 	794
f 794 	737 	735
f 794 	735 	799
f 810 	2949 	803
f 733 	801 	735
f 799 	735 	801
f 1327 	808 	917
f 894 	803 	2949
f 801 	733 	806
f 913 	914 	2962
f 2949 	810 	866
f 2962 	914 	915
f 921 	1327 	920
f 921 	926 	1327
f 1314 	1318 	894
f 883 	886 	894
f 922 	924 	1214
f 823 	768 	767
f 823 	767 	828
f 1214 	924 	927
f 930 	933 	1237
f 766 	833 	767
f 828 	767 	833
f 877 	1237 	933
f 833 	766 	765
f 833 	765 	837
f 764 	840 	765
f 837 	765 	840
f 887 	894 	886
f 983 	864 	939
f 840 	764 	763
f 840 	763 	844
f 869 	941 	864
f 939 	864 	941
f 721 	894 	887
f 941 	869 	873
f 941 	873 	943
f 899 	773 	901
f 762 	848 	763
f 844 	763 	848
f 876 	946 	873
f 943 	873 	946
f 848 	762 	760
f 848 	760 	853
f 1027 	947 	945
f 960 	945 	947
f 946 	876 	950
f 759 	856 	760
f 853 	760 	856
f 885 	953 	950
f 951 	954 	1022
f 856 	759 	758
f 856 	758 	859
f 953 	885 	889
f 953 	889 	955
f 956 	958 	1022
f 954 	956 	1022
f 859 	758 	757
f 859 	757 	862
f 958 	960 	1022
f 892 	957 	889
f 955 	889 	957
f 947 	1022 	960
f 862 	757 	865
f 957 	892 	961
f 963 	718 	962
f 717 	962 	718
f 897 	964 	961
f 971 	718 	963
f 964 	897 	967
f 965 	966 	968
f 724 	959 	962
f 724 	962 	717
f 972 	968 	969
f 966 	969 	968
f 967 	904 	970
f 718 	971 	734
f 770 	746 	745
f 734 	971 	974
f 734 	974 	747
f 977 	980 	968
f 908 	976 	973
f 908 	973 	906
f 982 	984 	968
f 978 	748 	974
f 747 	974 	748
f 976 	908 	979
f 928 	979 	908
f 748 	978 	981
f 748 	981 	752
f 931 	983 	979
f 931 	979 	928
f 987 	1022 	985
f 985 	1022 	984
f 864 	983 	931
f 771 	1191 	777
f 733 	731 	806
f 1198 	781 	777
f 731 	768 	806
f 972 	975 	968
f 975 	977 	968
f 980 	982 	968
f 1022 	968 	984
f 990 	1022 	987
f 991 	1022 	990
f 746 	770 	712
f 994 	1022 	991
f 995 	1022 	994
f 1001 	1022 	995
f 1003 	1022 	1001
f 823 	806 	768
f 1003 	1007 	1022
f 996 	1002 	751
f 1007 	1010 	1022
f 1010 	1014 	1022
f 751 	1002 	1006
f 1014 	1016 	1022
f 1022 	1016 	951
f 1018 	1656 	1012
f 1062 	968 	1022
f 1022 	1063 	1062
f 1023 	1753 	1018
f 1026 	1766 	1023
f 1025 	1027 	945
f 1020 	773 	1397
f 1766 	1026 	1030
f 1035 	1062 	1031
f 1031 	1062 	1029
f 835 	1024 	1034
f 1041 	1045 	1039
f 1035 	1039 	1062
f 756 	865 	757
f 865 	756 	871
f 754 	871 	756
f 1062 	1039 	1045
f 1045 	1041 	1042
f 754 	787 	871
f 871 	787 	879
f 786 	884 	787
f 879 	787 	884
f 1556 	1571 	1058
f 884 	786 	785
f 884 	785 	888
f 784 	890 	785
f 888 	785 	890
f 1554 	1556 	1058
f 1547 	1554 	1058
f 1050 	1251 	1057
f 1211 	795 	790
f 1057 	1251 	1060
f 1215 	804 	1211
f 784 	798 	890
f 1063 	1066 	1062
f 1064 	890 	798
f 795 	1211 	804
f 1066 	1067 	1062
f 1067 	1070 	1062
f 1070 	1072 	1062
f 1072 	1075 	1062
f 1068 	1261 	1073
f 1075 	1077 	1062
f 1077 	1079 	1062
f 1073 	1261 	1076
f 1029 	1062 	1079
f 1087 	1088 	1085
f 1088 	1093 	1085
f 1083 	1327 	926
f 1084 	1327 	1083
f 917 	920 	1327
f 1086 	1089 	1327
f 1090 	1327 	1089
f 1084 	1086 	1327
f 1091 	1327 	1090
f 1130 	1327 	1091
f 1085 	1093 	1145
f 808 	1081 	1095
f 808 	1095 	814
f 804 	1215 	1225
f 804 	1225 	812
f 1186 	1092 	809
f 1234 	817 	1225
f 812 	1225 	817
f 1099 	1779 	1038
f 817 	1234 	820
f 1102 	1105 	1612
f 1779 	1099 	1104
f 1105 	1107 	1612
f 1242 	825 	820
f 1107 	1109 	1612
f 1109 	1111 	1612
f 832 	825 	1245
f 1249 	836 	1245
f 832 	1245 	836
f 903 	1114 	839
f 1102 	1612 	1101
f 1085 	1154 	1612
f 1612 	1111 	1116
f 1116 	1118 	1612
f 839 	1114 	1117
f 839 	1117 	843
f 1118 	1122 	1612
f 1122 	1124 	1612
f 1121 	1327 	1119
f 1124 	1125 	1612
f 843 	1117 	1123
f 1125 	1128 	1612
f 1128 	1129 	1612
f 1574 	1576 	1058
f 1123 	1126 	851
f 1571 	1574 	1058
f 1132 	855 	1126
f 851 	1126 	855
f 1139 	866 	1378
f 1089 	1086 	1127
f 855 	1132 	1144
f 855 	1144 	858
f 1133 	1327 	1131
f 1134 	1327 	1133
f 1135 	1327 	1134
f 1136 	1327 	1135
f 1137 	1327 	1136
f 1138 	1327 	1137
f 1119 	1327 	1138
f 1140 	1327 	1121
f 1141 	1327 	1140
f 1143 	1327 	1141
f 1130 	1131 	1327
f 1145 	1147 	1085
f 1147 	1151 	1085
f 858 	1144 	1146
f 1143 	1148 	1327
f 1148 	1149 	1327
f 1151 	1154 	1085
f 1097 	1612 	1154
f 1146 	1152 	863
f 1101 	1612 	1097
f 1156 	868 	1152
f 863 	1152 	868
f 836 	1249 	841
f 1161 	1237 	877
f 1392 	1393 	1445
f 752 	981 	1162
f 1256 	845 	841
f 880 	1164 	1161
f 1165 	1166 	1159
f 1166 	1168 	1159
f 1168 	1171 	1159
f 1164 	880 	807
f 1171 	1174 	1159
f 1174 	1178 	1159
f 850 	845 	1259
f 1178 	1180 	1159
f 1076 	1172 	891
f 1262 	854 	1259
f 850 	1259 	854
f 894 	1159 	1180
f 1169 	1570 	1175
f 891 	1172 	1176
f 891 	1176 	893
f 1180 	1274 	894
f 854 	1262 	1267
f 854 	1267 	857
f 1175 	1570 	1179
f 893 	1176 	1181
f 1271 	860 	1267
f 857 	1267 	860
f 1181 	1182 	898
f 926 	921 	1163
f 1184 	902 	1182
f 898 	1182 	902
f 1298 	937 	1271
f 1188 	903 	1184
f 902 	1184 	903
f 1189 	1797 	1185
f 1188 	1114 	903
f 1269 	1186 	1190
f 1191 	1194 	777
f 1295 	911 	1196
f 777 	1194 	1198
f 916 	1200 	911
f 1196 	911 	1200
f 1198 	1204 	790
f 1205 	1206 	1220
f 1206 	1207 	1220
f 1207 	1208 	1220
f 1208 	1209 	1220
f 1209 	1269 	1220
f 1200 	916 	918
f 1200 	918 	1210
f 790 	1204 	1211
f 922 	1213 	918
f 1210 	918 	1213
f 1140 	1199 	1197
f 1213 	922 	1214
f 927 	1218 	1214
f 1815 	1238 	1812
f 1218 	927 	930
f 1218 	930 	1233
f 1233 	930 	1237
f 1240 	820 	1234
f 1242 	820 	1240
f 1239 	1588 	1246
f 1046 	1244 	1248
f 1046 	1248 	1050
f 1050 	1248 	1251
f 1246 	1588 	1253
f 1252 	841 	1249
f 1251 	1254 	1060
f 1256 	841 	1252
f 1257 	1065 	1254
f 1060 	1254 	1065
f 1065 	1257 	1260
f 1065 	1260 	1068
f 1221 	1222 	1220
f 1222 	1224 	1220
f 1223 	1224 	1222
f 1224 	1226 	1220
f 1226 	1227 	1220
f 1227 	1228 	1220
f 1228 	1229 	1220
f 1229 	1230 	1220
f 1230 	1231 	1220
f 1231 	1232 	1220
f 1232 	1201 	1220
f 1201 	1203 	1220
f 1203 	1205 	1220
f 1068 	1260 	1261
f 1265 	1320 	1264
f 1263 	1264 	1321
f 1261 	1266 	1076
f 1219 	1220 	1269
f 1266 	1172 	1076
f 1190 	1272 	1269
f 1286 	1314 	894
f 1306 	1307 	1288
f 1278 	1312 	1272
f 1315 	1319 	1272
f 1319 	1320 	1272
f 1273 	1082 	1094
f 1273 	1094 	1275
f 1277 	1282 	894
f 1286 	894 	1282
f 1098 	1280 	1094
f 1275 	1094 	1280
f 867 	1276 	1281
f 867 	1281 	907
f 1280 	1098 	1100
f 1280 	1100 	1284
f 1285 	909 	1281
f 907 	1281 	909
f 883 	894 	1318
f 1103 	1290 	1100
f 1284 	1100 	1290
f 909 	1285 	1293
f 909 	1293 	934
f 1294 	1303 	1288
f 1288 	1289 	1294
f 1292 	1294 	1289
f 1291 	1292 	1289
f 1303 	1304 	1288
f 1304 	1305 	1288
f 1305 	1306 	1288
f 1290 	1103 	1106
f 1290 	1106 	1295
f 959 	724 	1293
f 1278 	1279 	1297
f 1327 	1620 	808
f 911 	1295 	1106
f 860 	1271 	937
f 1081 	808 	1620
f 937 	1298 	1301
f 937 	1301 	938
f 1302 	940 	1301
f 938 	1301 	940
f 940 	1302 	1311
f 940 	1311 	942
f 1318 	1322 	883
f 1113 	1258 	1091
f 1287 	1288 	1309
f 1308 	1309 	1288
f 1307 	1308 	1288
f 1309 	1310 	1287
f 1310 	1296 	1287
f 1279 	1287 	1296
f 1296 	1297 	1279
f 1312 	1278 	1297
f 1313 	1272 	1312
f 1315 	1272 	1313
f 1316 	944 	1311
f 942 	1311 	944
f 872 	883 	1322
f 944 	1316 	1346
f 1321 	1264 	1320
f 1219 	1320 	1265
f 1269 	1272 	1320
f 1219 	1269 	1320
f 948 	1324 	949
f 1323 	949 	1324
f 1616 	1263 	1338
f 1321 	1338 	1263
f 1113 	1091 	1120
f 1326 	952 	1323
f 949 	1323 	952
f 1191 	952 	1326
f 771 	952 	1191
f 1089 	1127 	1120
f 1330 	1331 	1332
f 1330 	1332 	1333
f 1157 	1334 	1335
f 1142 	1127 	1086
f 1329 	1336 	719
f 1084 	1153 	1086
f 1142 	1086 	1153
f 1332 	2544 	1333
f 1331 	1330 	1276
f 1331 	1276 	867
f 1337 	720 	1336
f 719 	1336 	720
f 1153 	1084 	1158
f 1344 	727 	1343
f 721 	1343 	727
f 1346 	1347 	1340
f 727 	1344 	1345
f 727 	1345 	744
f 1342 	1340 	1347
f 926 	1163 	1158
f 872 	1348 	829
f 1322 	1348 	872
f 1350 	827 	1348
f 829 	1348 	827
f 1341 	1696 	1349
f 1347 	1346 	1316
f 1350 	1353 	827
f 1353 	1354 	827
f 1173 	1170 	920
f 921 	920 	1170
f 887 	1391 	721
f 1352 	948 	1351
f 1358 	827 	1354
f 1349 	1696 	1355
f 1324 	948 	1352
f 1357 	775 	1356
f 769 	1356 	775
f 1359 	739 	738
f 1359 	738 	1360
f 1173 	920 	1177
f 1365 	775 	1357
f 1170 	1163 	921
f 1364 	1374 	827
f 1345 	1356 	769
f 1270 	1143 	1187
f 1374 	1377 	827
f 775 	1365 	788
f 2976 	871 	2975
f 1187 	1143 	1193
f 749 	770 	772
f 772 	778 	749
f 799 	801 	749
f 788 	1365 	1368
f 788 	1368 	792
f 1140 	1197 	1193
f 778 	782 	749
f 782 	789 	749
f 988 	1367 	989
f 1369 	989 	1367
f 1119 	1202 	1199
f 1370 	797 	1368
f 792 	1368 	797
f 789 	794 	749
f 799 	749 	794
f 1492 	1069 	1369
f 797 	1370 	1372
f 797 	1372 	800
f 801 	806 	749
f 1376 	803 	1372
f 800 	1372 	803
f 1138 	1217 	1119
f 997 	993 	1429
f 1428 	1429 	993
f 803 	1376 	1378
f 803 	1378 	810
f 749 	806 	823
f 997 	1429 	1433
f 997 	1433 	999
f 1202 	1119 	1217
f 1217 	1138 	1236
f 1434 	1005 	1433
f 999 	1433 	1005
f 1490 	1493 	1387
f 1473 	1475 	1389
f 1477 	1490 	1387
f 1464 	1466 	1445
f 1475 	1477 	1389
f 833 	1366 	828
f 749 	823 	828
f 1136 	1241 	1236
f 1436 	1009 	1434
f 1005 	1434 	1009
f 1387 	1389 	1477
f 1470 	1473 	1389
f 837 	1366 	833
f 1241 	1136 	1135
f 1241 	1135 	1243
f 844 	1366 	840
f 840 	1366 	837
f 829 	1384 	1385
f 1243 	1135 	1247
f 1013 	1009 	1437
f 1436 	1437 	1009
f 848 	1366 	844
f 1466 	1468 	1389
f 1445 	1466 	1389
f 1388 	883 	1385
f 848 	853 	1366
f 749 	828 	1366
f 1013 	1437 	1017
f 827 	1381 	1384
f 827 	1384 	829
f 856 	859 	1366
f 853 	856 	1366
f 1389 	1392 	1445
f 1440 	1019 	1017
f 859 	862 	1366
f 883 	872 	1385
f 1019 	1440 	1028
f 886 	1390 	1391
f 1130 	1091 	1258
f 1394 	1160 	1393
f 1445 	1393 	1160
f 1343 	721 	1391
f 2976 	2977 	865
f 871 	2976 	865
f 1394 	1395 	1160
f 883 	1388 	1390
f 883 	1390 	886
f 1091 	1090 	1120
f 1396 	1160 	1395
f 862 	865 	2977
f 1120 	1090 	1089
f 1400 	1493 	1398
f 1399 	1397 	899
f 1401 	1493 	1400
f 879 	2975 	871
f 884 	3000 	879
f 993 	906 	973
f 1428 	993 	973
f 2998 	2999 	888
f 1402 	947 	1652
f 1027 	1652 	947
f 1662 	1844 	1864
f 1092 	1177 	809
f 1403 	1405 	1493
f 1084 	1083 	1158
f 888 	890 	2998
f 917 	809 	1177
f 951 	1404 	1406
f 951 	1406 	954
f 1158 	1083 	926
f 954 	1406 	1408
f 954 	1408 	956
f 1405 	1409 	1493
f 1409 	1412 	1493
f 1410 	1493 	1412
f 956 	1408 	1411
f 956 	1411 	958
f 2998 	890 	3071
f 1064 	3071 	890
f 1415 	1493 	1410
f 1407 	1518 	1413
f 958 	1411 	1414
f 958 	1414 	960
f 1414 	2750 	960
f 920 	917 	1177
f 947 	1402 	1645
f 1443 	1032 	1442
f 1028 	1442 	1032
f 1677 	945 	1417
f 1418 	1419 	1493
f 1120 	1127 	1092
f 1037 	1032 	1444
f 1443 	1444 	1032
f 1420 	1423 	1493
f 1419 	1420 	1493
f 1037 	1444 	1447
f 1037 	1447 	1040
f 1620 	1283 	1081
f 1449 	1043 	1447
f 1040 	1447 	1043
f 1413 	1518 	1421
f 1451 	1047 	1449
f 1043 	1449 	1047
f 1546 	969 	966
f 1049 	1047 	1452
f 1451 	1452 	1047
f 1423 	1424 	1493
f 1092 	1472 	1113
f 1255 	1258 	1472
f 1120 	1092 	1113
f 972 	969 	1546
f 1493 	1424 	1398
f 1127 	1142 	1092
f 1049 	1452 	1481
f 1049 	1481 	1053
f 1142 	1153 	1092
f 1484 	1059 	1481
f 1053 	1481 	1059
f 1153 	1158 	1092
f 1158 	1163 	1092
f 1163 	1170 	1092
f 1486 	1061 	1484
f 1059 	1484 	1061
f 1170 	1173 	1092
f 977 	1561 	980
f 988 	1061 	1367
f 1486 	1367 	1061
f 1401 	1403 	1493
f 1426 	1493 	1416
f 1415 	1416 	1493
f 1430 	1493 	1426
f 1383 	1386 	1493
f 1425 	1682 	1427
f 1564 	1578 	980
f 1430 	1431 	1493
f 1431 	1435 	1493
f 982 	1578 	984
f 1177 	1092 	1173
f 1493 	1435 	1379
f 1584 	985 	984
f 1584 	984 	1582
f 987 	985 	1584
f 1187 	1193 	1438
f 1437 	1439 	1017
f 1243 	1247 	1502
f 1017 	1439 	1440
f 1500 	1502 	1247
f 1498 	1500 	1247
f 1358 	1362 	827
f 1362 	1363 	827
f 1363 	1364 	827
f 1530 	827 	1377
f 1530 	1377 	1441
f 1524 	1530 	1441
f 1496 	1498 	1247
f 1247 	1472 	1496
f 1441 	1418 	1524
f 1442 	1028 	1440
f 1494 	1496 	1472
f 1427 	1682 	1432
f 1456 	1457 	1445
f 1457 	1459 	1445
f 1608 	1609 	994
f 1491 	1494 	1472
f 1247 	1250 	1472
f 1450 	1824 	1453
f 1258 	1113 	1472
f 1453 	1824 	1454
f 1459 	1460 	1445
f 1143 	1141 	1193
f 1458 	1843 	1461
f 1193 	1141 	1140
f 1460 	1462 	1445
f 1464 	1445 	1462
f 1268 	1270 	1438
f 1199 	1121 	1119
f 1461 	1843 	1463
f 1187 	1438 	1270
f 1468 	1470 	1389
f 1140 	1121 	1199
f 1095 	1081 	1283
f 1618 	1283 	1620
f 1386 	1387 	1493
f 1467 	1862 	1469
f 1138 	1137 	1236
f 1629 	1064 	1283
f 1469 	1862 	1471
f 1236 	1137 	1136
f 1382 	1383 	1493
f 1380 	1382 	1493
f 1379 	1380 	1493
f 1135 	1134 	1247
f 947 	1645 	1022
f 1133 	1250 	1134
f 1247 	1134 	1250
f 1438 	1193 	1197
f 1250 	1255 	1472
f 1131 	1255 	1133
f 1250 	1133 	1255
f 1479 	1885 	1480
f 1022 	1878 	1063
f 1482 	1483 	1472
f 1130 	1258 	1131
f 1255 	1131 	1258
f 1483 	1485 	1472
f 1485 	1487 	1472
f 1540 	966 	965
f 1487 	1489 	1472
f 1489 	1491 	1472
f 966 	1540 	1546
f 972 	1553 	975
f 1505 	1506 	1243
f 1561 	977 	975
f 1561 	975 	1558
f 1564 	980 	1561
f 1495 	1497 	2151
f 989 	1369 	1069
f 1502 	1505 	1243
f 1236 	1241 	1506
f 1241 	1243 	1506
f 1506 	1508 	1236
f 1499 	1501 	2151
f 1497 	1499 	2151
f 982 	980 	1578
f 1217 	1236 	1508
f 1799 	2022 	1763
f 1582 	984 	1578
f 1504 	1448 	1503
f 1503 	1448 	1501
f 1802 	2022 	1799
f 1202 	1217 	1508
f 1199 	1202 	1508
f 1512 	1448 	1504
f 2151 	1501 	1448
f 1197 	1199 	1508
f 1509 	1438 	1508
f 1510 	1438 	1509
f 1474 	1507 	1371
f 1513 	1438 	1510
f 1513 	1516 	1438
f 1371 	1507 	1511
f 1371 	1511 	1407
f 1512 	1515 	1448
f 1516 	1520 	1438
f 1432 	1300 	1299
f 1515 	1517 	1448
f 1520 	1521 	1438
f 1407 	1511 	1518
f 995 	994 	1609
f 1522 	1448 	1519
f 1517 	1519 	1448
f 1148 	1270 	1149
f 1268 	1149 	1270
f 1270 	1148 	1143
f 1608 	994 	991
f 1518 	1523 	1421
f 1524 	1418 	1493
f 995 	1609 	1001
f 1526 	1530 	1524
f 1197 	1508 	1438
f 1521 	1525 	1438
f 1525 	1527 	1438
f 1618 	1334 	1283
f 1157 	1283 	1334
f 1527 	1528 	1438
f 1528 	1633 	1438
f 1617 	1003 	1615
f 1001 	1615 	1003
f 798 	814 	1095
f 1529 	1422 	1523
f 1421 	1523 	1422
f 1003 	1617 	1621
f 1003 	1621 	1007
f 1092 	1186 	1472
f 1622 	1010 	1621
f 1007 	1621 	1010
f 1472 	1186 	1269
f 1472 	1531 	1482
f 1526 	1534 	1530
f 1058 	1530 	1534
f 1190 	1804 	1476
f 1010 	1622 	1627
f 1010 	1627 	1014
f 1422 	1529 	1532
f 1422 	1532 	1425
f 1272 	1190 	1476
f 1552 	1476 	1550
f 1804 	1548 	1476
f 1634 	1016 	1627
f 1014 	1627 	1016
f 1404 	951 	1634
f 1016 	1634 	951
f 1069 	1492 	1537
f 1069 	1537 	1071
f 1534 	1541 	1058
f 1541 	1545 	1058
f 1550 	1476 	1548
f 1538 	1543 	1804
f 1539 	1074 	1537
f 1071 	1537 	1074
f 1540 	965 	1542
f 1548 	1804 	1543
f 1074 	1539 	1544
f 1074 	1544 	1078
f 1580 	1614 	1058
f 1549 	1080 	1544
f 1078 	1544 	1080
f 1080 	1549 	1551
f 1080 	1551 	1096
f 1614 	1619 	1058
f 1555 	1476 	1552
f 1559 	1476 	1555
f 1619 	1647 	1058
f 1874 	1836 	1535
f 972 	1546 	1553
f 1560 	1476 	1559
f 1647 	1649 	1058
f 1557 	1162 	981
f 1558 	975 	1553
f 1533 	1476 	1560
f 1562 	1167 	1557
f 1162 	1557 	1167
f 1167 	1562 	1563
f 1167 	1563 	1169
f 1169 	1563 	1570
f 1565 	1569 	1573
f 1573 	1575 	1565
f 1593 	1598 	1847
f 1570 	1572 	1179
f 1845 	1847 	1598
f 1055 	1058 	1649
f 1577 	1183 	1572
f 1179 	1572 	1183
f 1598 	1601 	1845
f 1842 	1845 	1601
f 1183 	1577 	1583
f 1183 	1583 	1239
f 1839 	1842 	1601
f 1831 	1834 	1590
f 1835 	1839 	1601
f 1601 	1804 	1835
f 1239 	1583 	1588
f 1590 	1592 	1831
f 1589 	987 	1584
f 1594 	1596 	1831
f 1592 	1594 	1831
f 1829 	1835 	1804
f 1601 	1604 	1804
f 987 	1589 	1600
f 1596 	1599 	1831
f 1599 	1602 	1831
f 1603 	1605 	1831
f 1602 	1603 	1831
f 1605 	1524 	1831
f 987 	1600 	990
f 1604 	1607 	1804
f 1606 	991 	1600
f 990 	1600 	991
f 1538 	1804 	1607
f 1605 	1526 	1524
f 1613 	1565 	1611
f 1547 	1058 	1545
f 1576 	1580 	1058
f 1565 	1613 	1569
f 991 	1606 	1608
f 1615 	1001 	1609
f 1567 	1568 	1375
f 1373 	1375 	1568
f 1566 	1567 	1375
f 1339 	1373 	1568
f 1568 	1616 	1339
f 1338 	1339 	1616
f 1620 	1268 	1633
f 1268 	1438 	1633
f 1649 	1651 	1054
f 1054 	1055 	1649
f 1535 	1699 	1874
f 1219 	1521 	1520
f 1588 	1595 	1253
f 1095 	1283 	1064
f 1623 	1624 	1375
f 1624 	1625 	1375
f 1625 	1626 	1375
f 1626 	1628 	1375
f 1628 	1630 	1375
f 1630 	1631 	1375
f 1632 	1375 	1631
f 1566 	1375 	1632
f 1705 	1881 	1877
f 1635 	1636 	1620
f 1633 	1635 	1620
f 1521 	1219 	1525
f 1639 	1620 	1636
f 1525 	1265 	1527
f 1264 	1527 	1265
f 1641 	1375 	1640
f 1642 	1375 	1641
f 1638 	1640 	1375
f 1643 	1375 	1642
f 1623 	1375 	1643
f 1637 	1638 	1375
f 1528 	1527 	1264
f 1597 	968 	1870
f 1648 	1650 	1731
f 1129 	1051 	1651
f 1051 	1054 	1651
f 968 	1062 	1870
f 1729 	1731 	1650
f 1269 	1531 	1472
f 1651 	1654 	1129
f 1878 	1022 	1645
f 1707 	1729 	1653
f 1533 	1272 	1476
f 1654 	1656 	1129
f 1610 	1707 	1653
f 1655 	1029 	1928
f 1607 	1303 	1538
f 1029 	1655 	1660
f 1029 	1660 	1031
f 1658 	1375 	1657
f 1659 	1375 	1658
f 1661 	1375 	1659
f 1637 	1375 	1661
f 1031 	1660 	1665
f 1031 	1665 	1035
f 1292 	1543 	1294
f 1538 	1294 	1543
f 1670 	1618 	1667
f 1664 	1667 	1620
f 1620 	1639 	1664
f 1035 	1665 	1666
f 1035 	1666 	1039
f 1543 	1292 	1548
f 1675 	1618 	1670
f 1039 	1666 	1669
f 1039 	1669 	1041
f 1673 	1902 	1751
f 1548 	1289 	1550
f 1041 	1669 	1674
f 1041 	1674 	1042
f 1671 	1672 	1668
f 1671 	1668 	1676
f 1550 	1289 	1552
f 1652 	1027 	1025
f 1652 	1025 	1677
f 1683 	1618 	1679
f 1678 	1328 	1595
f 1253 	1595 	1328
f 1689 	1618 	1685
f 1685 	1618 	1683
f 1425 	1532 	1682
f 1051 	1129 	1684
f 1693 	1618 	1689
f 1054 	1687 	1688
f 1054 	1688 	1055
f 1328 	1678 	1690
f 1328 	1690 	1341
f 1703 	986 	1361
f 1694 	1864 	1691
f 1055 	1688 	1692
f 1055 	1692 	1058
f 1341 	1690 	1696
f 1864 	1694 	1662
f 1753 	1766 	1612
f 935 	1361 	986
f 1051 	1684 	1687
f 1051 	1687 	1054
f 1701 	1618 	1698
f 1696 	1700 	1355
f 1681 	1045 	1042
f 1681 	1042 	1674
f 1702 	1877 	1699
f 1677 	1025 	945
f 1703 	1361 	1700
f 1355 	1700 	1361
f 1705 	1877 	1702
f 1644 	1657 	1375
f 1676 	1644 	1375
f 1671 	1676 	1375
f 1750 	1768 	1715
f 1679 	1618 	1675
f 1695 	1618 	1693
f 1697 	1618 	1695
f 1698 	1618 	1697
f 1704 	1618 	1701
f 1709 	1618 	1704
f 1620 	1667 	1618
f 1711 	1730 	1709
f 1713 	1730 	1711
f 1736 	1750 	1715
f 1063 	1878 	1066
f 1884 	1066 	1878
f 1062 	1045 	1681
f 1870 	1062 	1681
f 1732 	1730 	1718
f 1889 	1067 	1066
f 1889 	1066 	1884
f 1585 	1310 	1587
f 1898 	1070 	1889
f 1067 	1889 	1070
f 1866 	1887 	1707
f 1715 	1722 	1724
f 1721 	1722 	1715
f 1720 	1721 	1715
f 1723 	1724 	1722
f 1724 	1725 	1715
f 1725 	1726 	1715
f 1726 	1727 	1715
f 1727 	1728 	1715
f 1728 	1712 	1715
f 1712 	1733 	1715
f 1733 	1735 	1715
f 1735 	1736 	1715
f 1070 	1898 	1072
f 1717 	1730 	1713
f 1718 	1730 	1717
f 1618 	1709 	1730
f 1737 	1738 	1783
f 1075 	1924 	1077
f 1077 	1924 	1928
f 1077 	1928 	1079
f 1601 	1304 	1604
f 1079 	1928 	1029
f 1743 	1737 	1745
f 1745 	1749 	1743
f 1304 	1303 	1604
f 1746 	1936 	1747
f 1087 	1940 	1088
f 1939 	1088 	1940
f 1749 	1752 	1743
f 1748 	1751 	1902
f 1752 	1754 	1743
f 1754 	1756 	1743
f 1756 	1758 	1743
f 1760 	1743 	1758
f 1300 	1432 	1686
f 1320 	1611 	1610
f 1682 	1686 	1432
f 1611 	1320 	1319
f 1611 	1319 	1613
f 1480 	1759 	1446
f 1765 	1770 	1734
f 1315 	1569 	1319
f 1613 	1319 	1569
f 1771 	1777 	1734
f 1769 	1612 	1766
f 1528 	1263 	1633
f 1777 	1646 	1734
f 1773 	1612 	1769
f 1768 	1671 	1715
f 1714 	1715 	1671
f 1719 	1714 	1671
f 1375 	1719 	1671
f 1646 	1648 	1734
f 1731 	1734 	1648
f 1779 	1782 	1612
f 1774 	1779 	1612
f 1483 	1482 	1208
f 1209 	1208 	1482
f 1483 	1208 	1485
f 1941 	1093 	1088
f 1941 	1088 	1939
f 1775 	1778 	1784
f 1780 	1784 	1778
f 1941 	1145 	1093
f 2061 	1789 	1788
f 1190 	736 	1784
f 1940 	1087 	1949
f 1085 	1949 	1087
f 1489 	1203 	1491
f 1812 	1612 	1797
f 1786 	2061 	1788
f 1491 	1203 	1494
f 1795 	1798 	1737
f 1798 	1739 	1737
f 1739 	1745 	1737
f 1656 	1753 	1129
f 1612 	1129 	1753
f 1773 	1774 	1612
f 1782 	1785 	1612
f 1785 	1787 	1612
f 1787 	1790 	1612
f 1790 	1791 	1612
f 1791 	1797 	1612
f 1797 	1800 	1812
f 2003 	1101 	1097
f 1801 	1812 	1800
f 1101 	2003 	1102
f 2006 	1102 	2003
f 1783 	1792 	1737
f 2006 	1105 	1102
f 989 	1069 	904
f 1809 	904 	1069
f 1801 	1803 	1812
f 1803 	1813 	1812
f 1813 	1814 	1812
f 1232 	1231 	1496
f 1815 	1812 	1814
f 1817 	1819 	1804
f 1575 	1579 	1565
f 1847 	1852 	1593
f 1817 	1804 	1816
f 1819 	1822 	1804
f 1446 	1759 	1820
f 1446 	1820 	1450
f 1828 	1829 	1804
f 1822 	1828 	1804
f 1450 	1820 	1824
f 1591 	1593 	1852
f 1824 	1830 	1454
f 1831 	1963 	1834
f 1832 	1455 	1830
f 1454 	1830 	1455
f 1836 	2032 	1833
f 1874 	1871 	1836
f 1585 	1587 	1855
f 1587 	1591 	1855
f 1852 	1855 	1591
f 1455 	1832 	1838
f 1455 	1838 	1458
f 1579 	1581 	1855
f 1581 	1585 	1855
f 1458 	1838 	1843
f 1565 	1579 	1855
f 1837 	1840 	1846
f 1834 	1837 	1586
f 1586 	1590 	1834
f 1855 	1856 	1565
f 1843 	1848 	1463
f 1856 	1860 	1565
f 1854 	1465 	1848
f 1463 	1848 	1465
f 1863 	1565 	1860
f 1863 	1868 	1565
f 1465 	1854 	1857
f 1465 	1857 	1467
f 2053 	1151 	1147
f 1844 	1846 	1840
f 1864 	1844 	1841
f 2057 	1154 	1151
f 1467 	1857 	1862
f 1868 	1873 	1565
f 1862 	1865 	1471
f 1846 	1586 	1837
f 1212 	1949 	1612
f 1869 	1474 	1865
f 1471 	1865 	1474
f 1894 	1827 	1849
f 1894 	1849 	1850
f 1894 	1850 	1851
f 1894 	1851 	1867
f 1873 	1876 	1565
f 1877 	1871 	1874
f 2032 	1836 	1871
f 1875 	1710 	1551
f 1474 	1869 	1507
f 1877 	1881 	1871
f 1881 	1883 	1871
f 1883 	1886 	1871
f 1478 	1879 	1882
f 1478 	1882 	1479
f 1886 	1888 	1871
f 1479 	1882 	1885
f 1888 	1892 	1871
f 1759 	1480 	1885
f 1892 	1893 	1871
f 1729 	1707 	1887
f 1893 	1902 	1871
f 1729 	1887 	1731
f 1891 	1731 	1887
f 2334 	1879 	1478
f 1876 	1906 	1565
f 1906 	1910 	1565
f 1910 	1911 	1565
f 1899 	1900 	1897
f 1896 	1897 	1895
f 1895 	1897 	1900
f 1894 	1895 	1900
f 1894 	1900 	1901
f 1894 	1901 	1903
f 1894 	1903 	1904
f 1894 	1904 	1905
f 1894 	1905 	1907
f 1894 	1907 	1908
f 1894 	1908 	1909
f 1909 	1827 	1894
f 1498 	1231 	1500
f 2349 	1488 	1890
f 1853 	1871 	1902
f 1229 	1502 	1230
f 1500 	1230 	1502
f 1916 	1734 	1731
f 1916 	1731 	1891
f 1867 	1872 	1894
f 1872 	1977 	1894
f 1915 	1072 	1898
f 1917 	1918 	2032
f 2032 	1918 	1919
f 1919 	1923 	2032
f 1734 	1916 	1740
f 1920 	1740 	1916
f 1804 	1921 	1816
f 1505 	1502 	1228
f 1229 	1228 	1502
f 1072 	1915 	1922
f 1072 	1922 	1075
f 2136 	1740 	1920
f 1505 	1228 	1227
f 1505 	1227 	1506
f 1075 	1922 	1924
f 1746 	1934 	1936
f 1226 	1508 	1227
f 1506 	1227 	1508
f 1931 	1932 	1071
f 1930 	1931 	1071
f 1932 	1933 	1071
f 1933 	1935 	1071
f 1069 	1071 	1935
f 1937 	1069 	1935
f 1224 	1509 	1226
f 1508 	1226 	1509
f 1744 	1926 	1934
f 1744 	1934 	1746
f 1866 	1707 	1936
f 1747 	1936 	1707
f 1510 	1509 	1223
f 1224 	1223 	1509
f 1510 	1223 	1222
f 1510 	1222 	1513
f 1789 	1926 	1744
f 1513 	1222 	1516
f 1954 	1943 	1096
f 1943 	1944 	1096
f 1945 	1951 	1080
f 1078 	1080 	1951
f 1951 	1952 	1078
f 1927 	1078 	1952
f 1080 	1096 	1944
f 2048 	1767 	1764
f 2052 	1772 	2048
f 1767 	2048 	1772
f 1520 	1220 	1219
f 1610 	1611 	1565
f 1958 	1565 	1911
f 1565 	1958 	1610
f 1776 	1772 	2054
f 2052 	2054 	1772
f 1957 	1992 	1959
f 1776 	2054 	1781
f 1959 	1992 	1960
f 1525 	1219 	1265
f 2059 	1786 	1781
f 2012 	1107 	1105
f 1107 	2012 	1109
f 2016 	1109 	2012
f 1962 	1834 	1963
f 1208 	1207 	1485
f 1037 	1040 	931
f 864 	931 	1040
f 931 	928 	1037
f 1032 	1037 	928
f 1028 	1032 	928
f 928 	908 	1028
f 1019 	1028 	908
f 1017 	1019 	908
f 900 	989 	904
f 897 	989 	900
f 1109 	2016 	1111
f 2018 	1111 	2016
f 1834 	1962 	1837
f 1964 	1837 	1962
f 1786 	2059 	2061
f 1206 	1487 	1207
f 1485 	1207 	1487
f 1840 	1966 	1841
f 1965 	1841 	1966
f 2018 	2027 	1111
f 1205 	1489 	1206
f 1487 	1206 	1489
f 1969 	1841 	1965
f 1489 	1205 	1203
f 1966 	1840 	1837
f 1966 	1837 	1964
f 1794 	2064 	2080
f 1794 	2080 	1796
f 1967 	2069 	1968
f 1203 	1201 	1494
f 2080 	1806 	1796
f 2030 	1118 	1116
f 1968 	2069 	1970
f 1841 	1969 	1925
f 1201 	1232 	1494
f 2033 	1122 	2030
f 1118 	2030 	1122
f 2259 	1925 	1969
f 1794 	2184 	2064
f 1978 	1938 	1972
f 1124 	1122 	2036
f 2033 	2036 	1122
f 1496 	1494 	1232
f 2038 	1125 	2036
f 1124 	2036 	1125
f 1973 	2079 	1976
f 1946 	1975 	1947
f 1974 	1947 	1975
f 2041 	1129 	2040
f 1128 	2040 	1129
f 1913 	1914 	780
f 1982 	1953 	1974
f 2079 	1244 	1976
f 2013 	2047 	1784
f 2041 	1684 	1129
f 1975 	1946 	1950
f 1975 	1950 	1978
f 1980 	1981 	2082
f 1128 	1125 	2040
f 2038 	2040 	1125
f 1947 	1974 	1953
f 1498 	1496 	1231
f 1983 	1784 	1979
f 2082 	1981 	1984
f 1985 	1955 	1953
f 1985 	1953 	1982
f 1986 	1784 	1983
f 1955 	1985 	1956
f 1987 	1956 	1985
f 1230 	1500 	1231
f 2053 	1147 	1145
f 1988 	1784 	1986
f 1780 	1979 	1784
f 1989 	1957 	1956
f 1989 	1956 	1987
f 1991 	1784 	1988
f 1957 	1989 	1992
f 1993 	1784 	1991
f 1994 	1960 	1992
f 1996 	1784 	1993
f 1960 	1994 	1961
f 1997 	1961 	1994
f 1810 	2085 	2086
f 1810 	2086 	1811
f 1097 	1154 	2057
f 2527 	1961 	1997
f 2086 	1821 	1811
f 1938 	1978 	1950
f 2024 	2025 	2032
f 2085 	1810 	1806
f 1999 	1097 	2057
f 1097 	1999 	2003
f 2001 	2096 	2005
f 2262 	2004 	2002
f 1823 	2091 	2092
f 1823 	2092 	1826
f 2005 	2096 	2008
f 2007 	2004 	2262
f 2092 	2095 	1826
f 2009 	1105 	2006
f 2012 	1105 	2009
f 1221 	1516 	1222
f 2303 	2017 	2014
f 1220 	1520 	1516
f 1220 	1516 	1221
f 2015 	2117 	2019
f 2025 	1818 	2032
f 2019 	2117 	2023
f 1818 	1833 	2032
f 2021 	2017 	2303
f 1116 	1111 	2027
f 1116 	2027 	2030
f 2316 	2031 	2028
f 2034 	2031 	2316
f 1861 	1864 	1841
f 1858 	1861 	1841
f 1840 	1841 	1844
f 1264 	1263 	1528
f 1005 	1009 	906
f 999 	1005 	906
f 908 	906 	1009
f 1009 	1013 	908
f 2091 	1823 	1821
f 1209 	1482 	1269
f 1531 	1269 	1482
f 1826 	2095 	1859
f 2045 	1764 	2095
f 1859 	2095 	1764
f 2013 	1784 	1996
f 2051 	2058 	1784
f 2047 	2051 	1784
f 1278 	1272 	1533
f 2046 	2163 	2044
f 1764 	2045 	2048
f 2163 	2046 	2049
f 2050 	1145 	1941
f 2053 	1145 	2050
f 1853 	1858 	1841
f 1871 	1853 	1841
f 895 	892 	988
f 988 	989 	897
f 1807 	1069 	1937
f 2055 	1151 	2053
f 2054 	2056 	1781
f 1841 	1925 	1871
f 1808 	1809 	1069
f 1977 	1784 	2058
f 1781 	2056 	2059
f 2060 	1977 	2058
f 2061 	2062 	1789
f 1289 	1288 	1552
f 906 	993 	997
f 997 	999 	906
f 2062 	1926 	1789
f 1013 	1017 	908
f 1040 	1043 	864
f 1287 	1555 	1288
f 1552 	1288 	1555
f 776 	1977 	2063
f 869 	864 	1043
f 1043 	1047 	869
f 776 	780 	1977
f 2060 	2063 	1977
f 1947 	1953 	1938
f 2065 	1938 	1953
f 1950 	1946 	1938
f 873 	869 	1047
f 1047 	1049 	873
f 1880 	834 	780
f 1912 	1913 	780
f 1977 	780 	1894
f 1151 	2055 	2057
f 1555 	1287 	1559
f 1914 	1894 	780
f 1912 	780 	834
f 2029 	2066 	1948
f 1948 	2066 	2068
f 1948 	2068 	1967
f 1313 	1573 	1315
f 1569 	1315 	1573
f 1967 	2068 	2069
f 1049 	1053 	876
f 876 	873 	1049
f 881 	876 	1053
f 946 	736 	943
f 1955 	2065 	1953
f 1053 	1059 	881
f 885 	881 	1059
f 1313 	1312 	1573
f 1956 	2065 	1955
f 889 	885 	1059
f 1579 	1297 	1581
f 1957 	2065 	1956
f 1059 	1061 	889
f 1957 	1959 	2065
f 892 	889 	1061
f 2482 	2071 	2070
f 957 	961 	736
f 1959 	1960 	2065
f 1061 	988 	892
f 961 	964 	736
f 1575 	1312 	1579
f 1960 	1961 	2065
f 1784 	736 	964
f 2072 	2071 	2482
f 1310 	1585 	1581
f 970 	1784 	967
f 953 	955 	736
f 1587 	1310 	1309
f 897 	895 	988
f 964 	967 	1784
f 970 	1775 	1784
f 955 	957 	736
f 2502 	2073 	2072
f 1807 	1808 	1069
f 1071 	1074 	1930
f 1929 	1930 	1074
f 1587 	1309 	1308
f 1587 	1308 	1591
f 1927 	1929 	1074
f 1074 	1078 	1927
f 2069 	2074 	1970
f 1944 	1945 	1080
f 1942 	1954 	1096
f 1307 	1593 	1308
f 1591 	1308 	1593
f 983 	736 	979
f 2075 	1971 	2074
f 1970 	2074 	1971
f 1306 	1598 	1307
f 1593 	1307 	1598
f 979 	736 	976
f 939 	736 	983
f 941 	736 	939
f 943 	736 	941
f 950 	736 	946
f 1971 	2075 	2077
f 1971 	2077 	1973
f 1601 	1598 	1305
f 1306 	1305 	1598
f 1396 	2078 	1160
f 1973 	2077 	2079
f 1167 	1169 	936
f 1162 	1167 	936
f 936 	2643 	1162
f 1601 	1305 	1304
f 1175 	1179 	936
f 1046 	1976 	1244
f 1607 	1604 	1303
f 1179 	1183 	936
f 2081 	1980 	2082
f 1439 	2378 	1440
f 1183 	1239 	936
f 1294 	1538 	1303
f 2082 	1984 	2083
f 1239 	1246 	936
f 2080 	2084 	1806
f 1273 	2083 	1082
f 1984 	1082 	2083
f 1437 	2378 	1439
f 1436 	2378 	1437
f 1434 	2378 	1436
f 1433 	2378 	1434
f 1429 	2378 	1433
f 1428 	2378 	1429
f 1246 	1253 	936
f 2166 	1990 	2087
f 1328 	1341 	936
f 1253 	1328 	936
f 1548 	1292 	1291
f 1995 	2088 	1990
f 2087 	1990 	2088
f 1806 	2084 	2085
f 1349 	1355 	936
f 1341 	1349 	936
f 1548 	1291 	1289
f 2088 	1995 	1998
f 2088 	1998 	2089
f 2086 	2090 	1821
f 1980 	2081 	1998
f 2089 	1998 	2081
f 1361 	935 	1355
f 2000 	2214 	2093
f 936 	1355 	935
f 1278 	1560 	1279
f 1559 	1279 	1560
f 1821 	2090 	2091
f 2000 	2093 	2094
f 2000 	2094 	2001
f 1452 	2378 	1481
f 1484 	1481 	2378
f 1486 	1484 	2378
f 1451 	2378 	1452
f 1449 	2378 	1451
f 1447 	2378 	1449
f 1444 	2378 	1447
f 1443 	2378 	1444
f 1442 	2378 	1443
f 1440 	2378 	1442
f 1560 	1278 	1533
f 2001 	2094 	2096
f 1942 	1096 	1716
f 1710 	1716 	1096
f 1287 	1279 	1559
f 2096 	2097 	2008
f 1653 	1729 	1650
f 1958 	1707 	1610
f 1544 	1539 	2378
f 1539 	1537 	2378
f 1537 	1492 	2378
f 1544 	2378 	1549
f 1369 	2378 	1492
f 2098 	2011 	2097
f 2008 	2097 	2011
f 1747 	1707 	1710
f 1716 	1710 	1707
f 1716 	1707 	1958
f 1923 	2022 	2032
f 2022 	2024 	2032
f 1925 	2002 	1871
f 2002 	2004 	1871
f 2004 	2007 	1871
f 2007 	2010 	1871
f 2010 	2014 	1871
f 1575 	1573 	1312
f 973 	986 	1428
f 2014 	2017 	1871
f 1297 	1296 	1581
f 1762 	1765 	1734
f 1770 	1771 	1734
f 2702 	1160 	2078
f 2021 	2020 	1871
f 2020 	2028 	1871
f 1581 	1296 	1310
f 1743 	1762 	1734
f 1297 	1579 	1312
f 1740 	1743 	1734
f 986 	1703 	1428
f 2031 	2034 	2032
f 1168 	2434 	1171
f 1744 	1746 	2296
f 1746 	1747 	2296
f 1710 	2296 	1747
f 1171 	2434 	1174
f 2017 	2021 	1871
f 2028 	2031 	1871
f 2032 	1871 	2031
f 2034 	2067 	2032
f 2067 	2070 	2032
f 2037 	2032 	2070
f 2070 	2071 	2037
f 1367 	2378 	1369
f 1276 	2378 	1703
f 1700 	963 	1703
f 1690 	1678 	1696
f 1678 	1595 	1696
f 1595 	1588 	1696
f 1588 	1583 	1696
f 1583 	1577 	1696
f 1577 	1572 	1696
f 1572 	1570 	1696
f 1570 	1563 	1696
f 1563 	1562 	1696
f 1562 	1557 	1696
f 1557 	981 	1696
f 981 	978 	1696
f 1764 	1767 	2296
f 1772 	2296 	1767
f 1776 	2296 	1772
f 2103 	2073 	2502
f 2071 	2072 	2037
f 2072 	2073 	2037
f 1776 	1781 	2296
f 1781 	1786 	2296
f 2294 	2298 	1875
f 962 	959 	1703
f 1786 	1788 	2296
f 1788 	1789 	2296
f 2519 	2104 	2103
f 1610 	1321 	1320
f 1549 	2378 	1551
f 2073 	2103 	2037
f 1789 	1744 	2296
f 2103 	2104 	2037
f 2105 	2104 	2519
f 1936 	1934 	1887
f 1866 	1936 	1887
f 1633 	1263 	1616
f 2062 	2061 	1887
f 2105 	2037 	2104
f 1321 	1610 	1338
f 2297 	2306 	1796
f 2527 	2106 	1961
f 1926 	2062 	1887
f 2061 	2059 	1887
f 1934 	1926 	1887
f 1806 	1810 	2297
f 2296 	2297 	1810
f 1149 	1268 	1327
f 1620 	1327 	1268
f 2107 	2106 	2527
f 1810 	1811 	2296
f 1811 	1821 	2296
f 1821 	1823 	2296
f 2059 	2056 	1887
f 1064 	798 	1095
f 1335 	1629 	1283
f 1335 	1283 	1157
f 2056 	2054 	1887
f 1823 	1826 	2296
f 1826 	1859 	2296
f 1946 	1947 	1938
f 1961 	2106 	2065
f 2106 	2107 	2065
f 2107 	2108 	2065
f 2052 	2048 	1891
f 1916 	1891 	2048
f 2054 	2052 	1891
f 1891 	1887 	2054
f 2045 	2174 	2048
f 2108 	2110 	2065
f 2110 	2109 	2065
f 2610 	2112 	2111
f 2296 	1859 	1764
f 2109 	2111 	2065
f 2064 	2170 	2080
f 2113 	2112 	2610
f 1568 	1635 	1633
f 1568 	1633 	1616
f 2085 	2174 	2086
f 1567 	1636 	1635
f 1567 	1635 	1568
f 2111 	2112 	2065
f 1792 	1793 	1737
f 1793 	1795 	1737
f 1760 	1762 	1743
f 1566 	1639 	1636
f 1566 	1636 	1567
f 2112 	2113 	2065
f 2100 	2101 	1743
f 2099 	2100 	1743
f 2099 	1743 	1740
f 2114 	2065 	2113
f 2102 	1743 	2101
f 1180 	2450 	1274
f 2091 	2174 	2092
f 2092 	2174 	2095
f 2086 	2174 	2090
f 2090 	2174 	2091
f 2080 	2170 	2084
f 2084 	2174 	2085
f 2095 	2174 	2045
f 1920 	1916 	2048
f 1566 	1632 	1639
f 2453 	1277 	1274
f 2453 	1274 	2450
f 2116 	2118 	1743
f 2102 	2116 	1743
f 2011 	2098 	2115
f 2011 	2115 	2015
f 1277 	2453 	1282
f 2455 	1282 	2453
f 1646 	1375 	1373
f 1646 	1373 	1648
f 2015 	2115 	2117
f 2119 	2065 	2114
f 2119 	2121 	2065
f 2121 	2123 	2065
f 1648 	1373 	1339
f 1648 	1339 	1650
f 1672 	2165 	3202
f 2117 	2120 	2023
f 2123 	2124 	2065
f 2124 	2130 	2065
f 1650 	1339 	1338
f 1650 	1338 	1653
f 2122 	2026 	2120
f 2023 	2120 	2026
f 2130 	2137 	2065
f 1653 	1338 	1610
f 2137 	2141 	2065
f 2125 	2029 	2122
f 2026 	2122 	2029
f 2131 	2128 	2118
f 2127 	2128 	2048
f 2128 	2131 	2048
f 2131 	2132 	2048
f 2132 	2133 	2048
f 2133 	2134 	2048
f 2134 	2135 	2048
f 2136 	2048 	2135
f 1920 	2048 	2136
f 2125 	2066 	2029
f 1664 	1639 	1632
f 2140 	2035 	2039
f 2140 	2039 	2143
f 1667 	1664 	1632
f 2145 	2048 	2144
f 2144 	2048 	2139
f 2147 	2048 	2146
f 2146 	2048 	2145
f 2127 	2048 	2126
f 2126 	2048 	2147
f 2042 	2150 	2039
f 2143 	2039 	2150
f 1448 	2149 	2151
f 2150 	2042 	2043
f 2150 	2043 	2153
f 2044 	2161 	2043
f 2153 	2043 	2161
f 2157 	2048 	2155
f 2158 	2048 	2157
f 2155 	2048 	2154
f 2139 	2048 	2159
f 2159 	2048 	2158
f 2167 	2169 	2213
f 2161 	2044 	2163
f 2210 	2213 	2171
f 2169 	2171 	2213
f 1626 	1679 	1675
f 2163 	2049 	2166
f 1286 	1282 	2455
f 2151 	2209 	2171
f 2171 	2175 	2151
f 1990 	2166 	2049
f 1683 	1679 	1626
f 2175 	2177 	2151
f 2177 	2178 	2151
f 2178 	2180 	2151
f 2172 	2165 	2170
f 2165 	2174 	2170
f 2473 	1322 	1318
f 2170 	2064 	2168
f 2154 	2048 	2174
f 2174 	2084 	2170
f 2184 	2168 	2064
f 2180 	2182 	2151
f 2182 	2187 	2151
f 1689 	1623 	1693
f 1695 	1693 	1643
f 1322 	2473 	1348
f 2489 	1348 	2473
f 2257 	2183 	2181
f 1350 	1348 	2489
f 2194 	2183 	2257
f 2151 	2187 	1495
f 2189 	2190 	2188
f 2190 	2191 	2188
f 2191 	2192 	2188
f 2192 	2193 	2188
f 2193 	2195 	2188
f 2195 	2197 	2188
f 2197 	2198 	2188
f 2186 	2188 	2198
f 2198 	2199 	2186
f 2185 	2186 	2199
f 2114 	2654 	2119
f 2129 	2138 	1743
f 2118 	2129 	1743
f 1638 	1701 	1698
f 2138 	2142 	1743
f 2256 	2258 	2149
f 2149 	2260 	2151
f 2151 	2266 	2318
f 2200 	2151 	2319
f 2318 	2319 	2151
f 2200 	2202 	2151
f 2119 	2654 	2121
f 1704 	1701 	1638
f 2142 	2148 	1743
f 2204 	2151 	2202
f 2148 	2152 	1743
f 2203 	2276 	2201
f 2205 	2276 	2203
f 2208 	2209 	2151
f 2510 	1358 	1354
f 2210 	2171 	2209
f 2513 	1362 	1358
f 2513 	1358 	2510
f 2216 	2219 	2156
f 1363 	1362 	2513
f 2242 	2156 	2219
f 2219 	2227 	2242
f 2536 	1364 	1363
f 2152 	2160 	1743
f 2237 	1743 	2162
f 2160 	2162 	1743
f 2218 	2237 	2212
f 2162 	2212 	2237
f 2218 	2221 	2237
f 1374 	1364 	2536
f 2226 	2237 	2221
f 2545 	1377 	1374
f 1730 	1668 	1618
f 2184 	2185 	2168
f 2199 	2168 	2185
f 2222 	2299 	2220
f 1342 	3202 	2553
f 2224 	2299 	2222
f 1732 	1668 	1730
f 1671 	1738 	1737
f 2156 	2164 	2216
f 2204 	2206 	2151
f 2206 	2208 	2151
f 2240 	2242 	2227
f 2227 	2229 	2240
f 2236 	2240 	2229
f 2229 	2231 	2236
f 2230 	2239 	2237
f 2223 	2236 	2231
f 1379 	2555 	1380
f 2556 	1382 	1380
f 2307 	2232 	2234
f 1743 	2237 	1737
f 2234 	2235 	2312
f 2566 	1383 	1382
f 2215 	2216 	2164
f 2312 	2235 	2238
f 2226 	2228 	2237
f 2228 	2230 	2237
f 1383 	2566 	2568
f 1383 	2568 	1386
f 2164 	2167 	2215
f 2244 	2241 	2243
f 2213 	2215 	2167
f 1745 	1728 	1749
f 2247 	2249 	2149
f 2246 	2247 	2149
f 2173 	2921 	2245
f 2130 	2664 	2137
f 2244 	2248 	2241
f 2248 	2251 	2241
f 2253 	2254 	2241
f 2256 	2149 	2249
f 1749 	1727 	1752
f 2137 	2664 	2141
f 2250 	2176 	2173
f 2250 	2173 	2245
f 2176 	2250 	2179
f 2252 	2179 	2250
f 2255 	2181 	2179
f 2255 	2179 	2252
f 2037 	2365 	2032
f 2263 	2151 	2260
f 2258 	2260 	2149
f 2181 	2255 	2257
f 1925 	2259 	2002
f 2266 	2151 	2263
f 2261 	2194 	2257
f 2262 	2002 	2259
f 2265 	2007 	2262
f 2194 	2261 	2196
f 2264 	2196 	2261
f 2286 	2211 	2264
f 2568 	2580 	1386
f 2275 	2277 	2575
f 2279 	2560 	2277
f 2276 	2271 	2201
f 2139 	2212 	2162
f 1762 	1720 	1765
f 2205 	2278 	2276
f 2283 	2554 	2279
f 2308 	2311 	2287
f 2207 	2280 	2278
f 2207 	2278 	2205
f 2287 	2290 	2308
f 2552 	2281 	2433
f 2282 	2272 	2430
f 2273 	2429 	2272
f 2274 	2427 	2273
f 2292 	2294 	1875
f 1551 	2401 	1875
f 2221 	2218 	2159
f 2217 	2280 	2207
f 2306 	2308 	2290
f 2290 	1794 	2306
f 1720 	1715 	1765
f 2196 	2264 	2211
f 2387 	1551 	2384
f 1367 	1486 	2378
f 1794 	1796 	2306
f 2288 	2214 	2286
f 2211 	2286 	2214
f 1387 	1386 	2580
f 2288 	2093 	2214
f 2292 	1875 	2291
f 1719 	1646 	1777
f 2584 	1389 	2580
f 1387 	2580 	1389
f 2298 	2309 	1875
f 2280 	2217 	2293
f 2251 	2253 	2241
f 2309 	2423 	1875
f 2293 	2217 	2295
f 2220 	2295 	2217
f 1750 	1792 	1783
f 2299 	2295 	2220
f 2007 	2265 	2010
f 2267 	2010 	2265
f 2154 	2230 	2228
f 2591 	1392 	2584
f 1389 	2584 	1392
f 1736 	1793 	1792
f 1736 	1792 	1750
f 2224 	2301 	2299
f 2300 	2014 	2010
f 2300 	2010 	2267
f 2154 	2174 	2230
f 1795 	1793 	1736
f 2014 	2300 	2303
f 2311 	2314 	2285
f 1806 	2297 	1796
f 2285 	2287 	2311
f 2225 	2302 	2301
f 2225 	2301 	2224
f 1392 	2591 	2597
f 1392 	2597 	1393
f 2284 	2285 	2314
f 2304 	2020 	2021
f 2304 	2021 	2305
f 2232 	2307 	2225
f 2269 	1875 	2423
f 2302 	2225 	2307
f 2283 	2284 	2317
f 2028 	2020 	2304
f 2234 	2310 	2307
f 2317 	2554 	2283
f 2305 	2021 	2303
f 1618 	1668 	1334
f 2310 	2234 	2312
f 2313 	2028 	2304
f 2312 	2238 	2315
f 2423 	2425 	2269
f 2425 	2426 	2269
f 2429 	2273 	2427
f 2551 	2552 	2436
f 1631 	1667 	1632
f 2140 	2315 	2035
f 2238 	2035 	2315
f 2346 	2347 	2336
f 2344 	2345 	2336
f 2345 	2346 	2336
f 2347 	2350 	2336
f 2329 	2328 	2330
f 2329 	2330 	2331
f 1670 	1667 	1631
f 2331 	2330 	2332
f 2331 	2332 	2333
f 2333 	2332 	2334
f 2333 	2334 	2335
f 1393 	2597 	1394
f 1628 	1675 	1670
f 2335 	2334 	1478
f 1675 	1628 	1626
f 2348 	2349 	1890
f 2338 	2339 	2337
f 2336 	2337 	2339
f 2339 	2340 	2336
f 2340 	2341 	2336
f 2341 	2342 	2336
f 2342 	2343 	2336
f 2343 	2344 	2336
f 2326 	2336 	2353
f 2325 	2326 	2353
f 2324 	2325 	2353
f 2323 	2324 	2353
f 2322 	2323 	2353
f 1394 	2605 	1395
f 1683 	1626 	1625
f 2231 	2233 	2223
f 2028 	2313 	2316
f 1624 	1685 	1683
f 1624 	1683 	1625
f 1395 	2605 	1396
f 2355 	2356 	2514
f 2462 	2514 	2356
f 2354 	2355 	2514
f 2357 	2358 	2462
f 2459 	2462 	2358
f 2402 	2459 	2359
f 2360 	2402 	2359
f 2373 	2386 	2518
f 2361 	2034 	2316
f 1685 	1624 	1689
f 1623 	1689 	1624
f 2351 	2366 	2349
f 2351 	2349 	2348
f 1825 	2032 	2365
f 2367 	2368 	2366
f 2367 	2366 	2351
f 1400 	2669 	1401
f 1693 	1623 	1643
f 2327 	1276 	2320
f 2239 	2174 	2237
f 1641 	1697 	1695
f 2376 	1276 	2327
f 2661 	2377 	2374
f 1641 	1640 	1697
f 2669 	1400 	2666
f 1398 	2666 	1400
f 2378 	1276 	2376
f 2379 	2377 	2661
f 2380 	1551 	2378
f 2382 	1551 	2380
f 2384 	1551 	2382
f 1704 	1637 	1709
f 2531 	2533 	2396
f 2386 	2388 	2518
f 2514 	2518 	2388
f 2388 	2389 	2514
f 2389 	2353 	2514
f 2353 	2354 	2514
f 2389 	2390 	2353
f 2390 	2321 	2353
f 2321 	2322 	2353
f 2350 	2352 	2336
f 2352 	2353 	2336
f 1709 	1661 	1659
f 1709 	1659 	1711
f 2393 	2067 	2361
f 2034 	2361 	2067
f 1711 	1659 	1713
f 1713 	1657 	1717
f 2396 	2399 	2531
f 2360 	2531 	2399
f 2398 	1551 	2394
f 1717 	1657 	1718
f 2399 	2402 	2360
f 2403 	1875 	2401
f 2289 	1875 	2403
f 2391 	1551 	2387
f 1420 	2687 	1423
f 2291 	1875 	2289
f 2401 	1551 	2398
f 2394 	1551 	2391
f 1630 	1670 	1631
f 1423 	2687 	1424
f 1670 	1630 	1628
f 2407 	1276 	2406
f 2409 	1276 	2407
f 2411 	1276 	2409
f 2254 	2193 	2270
f 1416 	2680 	1426
f 2410 	2692 	2412
f 2413 	1276 	2411
f 2270 	2193 	2275
f 2412 	2692 	2415
f 1276 	2414 	2416
f 1426 	2690 	1430
f 1642 	1695 	1643
f 2418 	1276 	2416
f 2277 	2190 	2279
f 1695 	1642 	1641
f 2420 	1276 	2418
f 1698 	1697 	1640
f 2279 	2190 	2283
f 1698 	1640 	1638
f 2419 	2699 	2421
f 1637 	1704 	1638
f 1377 	2698 	1441
f 2320 	1276 	2420
f 2414 	1276 	2413
f 2421 	2699 	2422
f 1637 	1661 	1709
f 1418 	1441 	2698
f 2268 	2269 	2426
f 2274 	2268 	2426
f 1530 	1381 	827
f 1658 	1713 	1659
f 1165 	2428 	1166
f 1713 	1658 	1657
f 1644 	1718 	1657
f 2427 	2274 	2426
f 1166 	2428 	2431
f 1166 	2431 	1168
f 2430 	2272 	2429
f 1168 	2431 	2434
f 2434 	2437 	1174
f 1732 	1676 	1668
f 868 	2483 	830
f 2362 	830 	2483
f 2550 	2551 	2436
f 2433 	2436 	2552
f 1737 	1672 	1671
f 2441 	1178 	2437
f 1174 	2437 	1178
f 1672 	1737 	2165
f 1178 	2441 	2442
f 1178 	2442 	1180
f 1718 	1644 	1732
f 1676 	1732 	1644
f 2099 	2136 	2100
f 2135 	2100 	2136
f 1180 	2442 	2450
f 1671 	1783 	1738
f 2550 	2436 	2451
f 2134 	2101 	2100
f 2134 	2100 	2135
f 2358 	2359 	2459
f 2101 	2134 	2102
f 2133 	2102 	2134
f 1745 	1739 	1728
f 2735 	2456 	2454
f 1727 	1749 	1728
f 2133 	2132 	2102
f 2458 	2456 	2735
f 2457 	1286 	2455
f 2518 	2520 	2373
f 2356 	2357 	2462
f 1286 	2457 	1314
f 2461 	1314 	2457
f 2463 	2611 	2451
f 2464 	2611 	2463
f 2465 	2611 	2464
f 1724 	1756 	1754
f 2467 	1318 	1314
f 2467 	1314 	2461
f 2755 	2468 	2466
f 2472 	2553 	2471
f 2480 	2553 	2472
f 1758 	1756 	1723
f 1724 	1723 	1756
f 2067 	2393 	2474
f 2067 	2474 	2070
f 1318 	2467 	2473
f 2475 	2468 	2755
f 1722 	1760 	1723
f 1758 	1723 	1760
f 2105 	2365 	2037
f 1762 	1760 	1721
f 1722 	1721 	1760
f 2446 	2559 	2445
f 2447 	2559 	2446
f 2448 	2557 	2447
f 2444 	2445 	2562
f 1762 	1721 	1720
f 2479 	2469 	2611
f 2469 	2470 	2611
f 2470 	2471 	2611
f 2480 	2538 	2553
f 1165 	2481 	2428
f 2070 	2474 	2482
f 1714 	1771 	1715
f 1770 	1715 	1771
f 1165 	1159 	2076
f 2481 	1165 	2076
f 2499 	2501 	2364
f 2364 	2397 	2499
f 2497 	2499 	2397
f 2397 	2439 	2497
f 2439 	2440 	2494
f 2494 	2497 	2439
f 1972 	2065 	2369
f 1770 	1765 	1715
f 2363 	2364 	2501
f 2492 	1276 	2491
f 2491 	1276 	2488
f 2482 	2493 	2072
f 1771 	1714 	1719
f 1777 	1771 	1719
f 2489 	2495 	1350
f 2496 	1276 	2492
f 2487 	2363 	2505
f 2501 	2505 	2363
f 2486 	2487 	2508
f 2505 	2508 	2487
f 2498 	1276 	2496
f 2131 	2118 	2116
f 1671 	1768 	1783
f 2485 	2486 	2512
f 2508 	2512 	2486
f 2500 	1276 	2498
f 2129 	2118 	2128
f 2503 	1276 	2500
f 1783 	1768 	1750
f 2072 	2493 	2502
f 2504 	1276 	2503
f 2484 	2488 	1276
f 2512 	2515 	2485
f 2506 	1353 	2495
f 1350 	2495 	1353
f 2507 	1276 	2504
f 2509 	1354 	2506
f 1353 	2506 	1354
f 1354 	2509 	2510
f 2406 	1276 	2507
f 2502 	2511 	2103
f 2165 	1737 	2237
f 2449 	2485 	2515
f 2515 	2517 	2449
f 2372 	2373 	2520
f 1712 	1739 	1798
f 1712 	1798 	1733
f 2448 	2449 	2517
f 2520 	2523 	2372
f 2129 	2128 	2138
f 2127 	2138 	2128
f 1728 	1739 	1712
f 2103 	2511 	2519
f 2126 	2142 	2138
f 2126 	2138 	2127
f 2523 	2524 	2371
f 2371 	2372 	2523
f 2522 	2365 	2105
f 2521 	2782 	2435
f 1752 	1727 	1726
f 2370 	2371 	2524
f 2147 	2148 	2126
f 1725 	1754 	1726
f 1752 	1726 	1754
f 2525 	2370 	2524
f 1754 	1725 	1724
f 2519 	2522 	2105
f 2142 	2126 	2148
f 2065 	1972 	1938
f 2148 	2147 	2152
f 2146 	2152 	2147
f 2526 	2790 	2528
f 2152 	2146 	2160
f 2145 	2160 	2146
f 2513 	2516 	1363
f 2529 	2107 	2527
f 2144 	2162 	2160
f 2144 	2160 	2145
f 1363 	2516 	2536
f 2540 	2541 	2635
f 2395 	2396 	2534
f 2392 	2395 	2534
f 2534 	2535 	2392
f 2530 	2392 	2535
f 2544 	1332 	2623
f 2623 	2628 	2544
f 2616 	2623 	1332
f 1332 	1331 	2616
f 2536 	2542 	1374
f 2172 	2553 	3202
f 2613 	2616 	1331
f 2162 	2144 	2139
f 1374 	2542 	2545
f 1375 	1646 	1719
f 2533 	2534 	2396
f 2212 	2139 	2218
f 2549 	2451 	2548
f 2550 	2451 	2549
f 2430 	2433 	2282
f 2282 	2433 	2281
f 2548 	2451 	2547
f 2575 	2241 	2254
f 2254 	2270 	2575
f 2270 	2275 	2575
f 2314 	2317 	2284
f 2558 	2279 	2554
f 2558 	2560 	2279
f 1795 	1736 	1735
f 2221 	2157 	2226
f 2555 	2556 	1380
f 1795 	1735 	1798
f 1733 	1798 	1735
f 2561 	2277 	2560
f 2226 	2157 	2228
f 2564 	2567 	2277
f 2228 	2155 	2154
f 1379 	1435 	2555
f 2567 	2577 	2277
f 1804 	1784 	1921
f 2575 	2277 	2577
f 1382 	2565 	2566
f 1809 	1775 	904
f 970 	904 	1775
f 1775 	1809 	1808
f 1775 	1808 	1778
f 1778 	1808 	1807
f 1778 	1807 	1780
f 2099 	1740 	2136
f 2573 	2574 	2582
f 2579 	2582 	2574
f 2576 	2579 	2443
f 2443 	2444 	2576
f 2562 	2576 	2444
f 2582 	2585 	2573
f 2517 	2557 	2448
f 2559 	2447 	2557
f 2562 	2445 	2559
f 2574 	2443 	2579
f 2572 	2573 	2585
f 2585 	2587 	2572
f 2561 	2563 	2277
f 2563 	2564 	2277
f 2577 	2578 	2575
f 2578 	2581 	2575
f 1784 	1804 	1190
f 2556 	2565 	1382
f 2581 	2583 	2575
f 2571 	2572 	2587
f 2587 	2589 	2571
f 2583 	2586 	2575
f 2570 	2571 	2589
f 2586 	2588 	2575
f 2589 	2593 	2570
f 2588 	2590 	2575
f 2590 	2592 	2575
f 2593 	2596 	2569
f 2116 	2102 	2132
f 2594 	2575 	2592
f 2131 	2116 	2132
f 2543 	2544 	2628
f 2541 	2543 	2630
f 2628 	2630 	2543
f 2528 	2790 	2600
f 2107 	2529 	2108
f 2532 	2108 	2529
f 2597 	2601 	1394
f 2602 	2109 	2110
f 2602 	2110 	2603
f 1845 	1905 	1847
f 2600 	2797 	2604
f 1394 	2601 	2605
f 1904 	1903 	1847
f 2108 	2532 	2110
f 2603 	2110 	2532
f 1396 	2606 	2078
f 2604 	2797 	2608
f 2109 	2602 	2111
f 2607 	2111 	2602
f 2611 	2471 	2553
f 2476 	2477 	2611
f 2608 	2808 	2609
f 2111 	2607 	2610
f 2605 	2606 	1396
f 2615 	2620 	2836
f 2630 	2635 	2541
f 2609 	2808 	2614
f 1424 	2688 	1398
f 1398 	2688 	2666
f 2620 	2627 	2836
f 2627 	2629 	2836
f 1899 	1897 	1860
f 2539 	2540 	2636
f 2635 	2636 	2540
f 2619 	2451 	2618
f 2621 	2451 	2619
f 2618 	2451 	2617
f 2617 	2451 	2611
f 2622 	2451 	2621
f 2624 	2451 	2622
f 2625 	2626 	2451
f 2626 	2546 	2451
f 2547 	2451 	2546
f 2625 	2451 	2624
f 2629 	2634 	2836
f 2636 	2639 	2539
f 1401 	2670 	1403
f 2639 	2530 	2537
f 2537 	2539 	2639
f 2633 	2644 	2553
f 2637 	2638 	2836
f 2634 	2637 	2836
f 1403 	2672 	1405
f 2807 	2836 	2638
f 2638 	2640 	2807
f 1894 	1876 	1873
f 2640 	2641 	2807
f 2535 	2537 	2530
f 2612 	2113 	2610
f 1894 	1914 	1876
f 1906 	1876 	1914
f 2113 	2612 	2114
f 2642 	2114 	2612
f 1412 	2676 	2677
f 1412 	2677 	1410
f 1906 	1914 	1910
f 1913 	1910 	1914
f 1911 	1910 	1913
f 724 	717 	2643
f 717 	718 	2643
f 1169 	1175 	936
f 2476 	2611 	2465
f 2477 	2478 	2611
f 2478 	2479 	2611
f 2538 	2631 	2553
f 2631 	2632 	2553
f 2632 	2633 	2553
f 2644 	2645 	2553
f 2645 	2646 	2553
f 2646 	2647 	2553
f 2647 	2648 	2553
f 2648 	2649 	2553
f 2650 	2553 	2649
f 1342 	2553 	2650
f 2614 	2856 	2651
f 834 	1958 	1911
f 2676 	1412 	1409
f 718 	734 	2643
f 734 	747 	2643
f 962 	1703 	963
f 747 	748 	2643
f 2680 	1416 	1415
f 2651 	2856 	2652
f 748 	752 	2643
f 2654 	2114 	2642
f 752 	1162 	2643
f 1410 	2677 	1415
f 2686 	1420 	2685
f 1419 	2685 	1420
f 2656 	2121 	2654
f 936 	1351 	777
f 817 	820 	936
f 1420 	2686 	2687
f 777 	781 	936
f 804 	812 	936
f 2121 	2656 	2123
f 2657 	2123 	2656
f 2658 	2374 	2375
f 2658 	2375 	2659
f 781 	790 	936
f 790 	795 	936
f 2687 	2688 	1424
f 2123 	2657 	2124
f 2660 	2124 	2657
f 2374 	2658 	2661
f 2662 	2130 	2124
f 2662 	2124 	2660
f 2663 	2379 	2661
f 804 	936 	795
f 1929 	1996 	1930
f 1418 	2684 	2685
f 1418 	2685 	1419
f 2130 	2662 	2664
f 2379 	2663 	2381
f 2665 	2381 	2663
f 2667 	2141 	2664
f 2668 	2383 	2381
f 2668 	2381 	2665
f 817 	936 	812
f 1401 	2669 	2670
f 2383 	2668 	2385
f 2671 	2385 	2668
f 820 	825 	936
f 2672 	1403 	2670
f 1700 	1696 	971
f 963 	1700 	971
f 974 	971 	1696
f 959 	1293 	1703
f 825 	832 	936
f 2679 	2385 	2671
f 2672 	2673 	1405
f 832 	836 	936
f 836 	841 	936
f 2659 	2375 	2674
f 2400 	2674 	2375
f 1409 	1405 	2673
f 841 	845 	936
f 1267 	1262 	1324
f 1271 	1267 	1324
f 1298 	1271 	1324
f 1301 	1298 	1324
f 845 	850 	936
f 2159 	2218 	2139
f 2643 	936 	850
f 2673 	2675 	1409
f 2158 	2221 	2159
f 850 	854 	2643
f 854 	857 	2643
f 2435 	2674 	2400
f 3103 	2141 	2667
f 1409 	2675 	2676
f 2369 	2065 	3169
f 1242 	1240 	1245
f 1240 	1234 	1245
f 1234 	1225 	1249
f 1225 	1215 	1249
f 1249 	1245 	1234
f 1215 	1211 	1249
f 1211 	1204 	1249
f 1204 	1198 	1249
f 1198 	1194 	1249
f 1194 	1191 	1249
f 1191 	1326 	1249
f 1252 	1249 	1326
f 1302 	1301 	1324
f 1323 	1324 	1262
f 2385 	2679 	2404
f 1415 	2678 	2680
f 1448 	2681 	2149
f 2404 	2679 	2682
f 2404 	2682 	2405
f 2221 	2158 	2157
f 1293 	1285 	1703
f 1285 	1281 	1703
f 1281 	1276 	1703
f 1428 	1703 	2378
f 978 	974 	1696
f 2155 	2228 	2157
f 1716 	1880 	1942
f 2156 	2242 	2800
f 1262 	1259 	1323
f 1326 	1323 	1256
f 1259 	1256 	1323
f 1256 	1252 	1326
f 857 	860 	2643
f 2805 	2164 	2800
f 2156 	2800 	2164
f 1880 	1716 	834
f 1958 	834 	1716
f 1316 	1311 	1324
f 1311 	1302 	1324
f 2164 	2805 	2167
f 1710 	1096 	1551
f 1880 	780 	1942
f 2677 	2678 	1415
f 1872 	1816 	1977
f 867 	907 	2643
f 937 	938 	2643
f 860 	937 	2643
f 938 	940 	2643
f 1816 	1872 	1817
f 2171 	2822 	2175
f 909 	934 	2643
f 907 	909 	2643
f 934 	724 	2643
f 2175 	2822 	2177
f 2165 	2237 	2174
f 1333 	1276 	1330
f 2484 	1276 	1333
f 2177 	2827 	2178
f 2168 	2244 	2243
f 2168 	2243 	2170
f 940 	942 	2643
f 942 	944 	2643
f 1822 	1849 	1828
f 2178 	2827 	2180
f 944 	1331 	2643
f 2248 	2244 	2199
f 2168 	2199 	2244
f 1828 	1849 	1829
f 1342 	1347 	3202
f 1324 	3202 	1316
f 1347 	1316 	3202
f 952 	771 	1351
f 949 	952 	1351
f 948 	949 	1351
f 771 	777 	1351
f 1829 	1909 	1835
f 2187 	2834 	2937
f 2683 	2408 	2682
f 2405 	2682 	2408
f 1334 	1668 	3202
f 1668 	1672 	3202
f 2165 	2172 	3202
f 1335 	1334 	3202
f 1909 	1908 	1835
f 2408 	2683 	2689
f 2408 	2689 	2410
f 2690 	1426 	2680
f 2170 	2243 	2172
f 2241 	2172 	2243
f 2200 	2837 	2841
f 2200 	2841 	2202
f 1907 	1842 	1839
f 2410 	2689 	2692
f 2693 	1431 	2691
f 1430 	2691 	1431
f 2202 	2841 	2204
f 2842 	2204 	2841
f 1842 	1907 	1905
f 1842 	1905 	1845
f 2695 	1435 	2693
f 2692 	2694 	2415
f 2239 	2230 	2174
f 2848 	2206 	2204
f 2848 	2204 	2842
f 2690 	2691 	1430
f 1904 	1847 	1905
f 2693 	1435 	1431
f 2696 	2417 	2694
f 2415 	2694 	2417
f 2206 	2848 	2208
f 2850 	2208 	2848
f 2254 	2195 	2193
f 2695 	2555 	1435
f 1852 	1847 	1903
f 2417 	2696 	2697
f 2417 	2697 	2419
f 2209 	2208 	2850
f 1377 	2545 	2698
f 2275 	2193 	2192
f 2419 	2697 	2699
f 1901 	1855 	1903
f 1852 	1903 	1855
f 2699 	2700 	2422
f 2859 	2213 	2210
f 2192 	2191 	2275
f 2684 	1418 	2698
f 1855 	1901 	1856
f 2701 	2424 	2700
f 2422 	2700 	2424
f 2215 	2213 	2859
f 2277 	2191 	2190
f 1899 	1860 	1856
f 2329 	2424 	2328
f 2701 	2328 	2424
f 1352 	741 	1324
f 986 	736 	1352
f 3202 	1324 	741
f 867 	2643 	1331
f 1346 	1331 	944
f 2862 	2216 	2215
f 1863 	1860 	1897
f 1160 	2702 	1445
f 741 	1352 	736
f 736 	986 	973
f 973 	976 	736
f 950 	953 	736
f 736 	1190 	1186
f 1186 	809 	736
f 2681 	1448 	2703
f 2864 	2219 	2216
f 2864 	2216 	2862
f 1896 	1868 	1897
f 1863 	1897 	1868
f 2706 	2707 	709
f 2872 	1457 	1456
f 2223 	2233 	2711
f 1868 	1896 	1895
f 1868 	1895 	1873
f 2219 	2864 	2227
f 1457 	2872 	1459
f 2866 	2229 	2227
f 1873 	1895 	1894
f 2876 	1460 	1459
f 2432 	2368 	2367
f 2713 	2432 	2367
f 2065 	2711 	2836
f 2712 	2836 	2711
f 2711 	2065 	2141
f 2231 	2229 	2866
f 2674 	2435 	2782
f 1460 	2876 	1462
f 2711 	2233 	2712
f 2868 	2233 	2231
f 2712 	2715 	2836
f 2715 	2716 	2836
f 2705 	2706 	709
f 1462 	2881 	1464
f 2716 	2717 	2836
f 2718 	2836 	2717
f 1340 	2595 	1331
f 2598 	2613 	1331
f 2595 	2598 	1331
f 1464 	2881 	1466
f 2725 	2836 	2724
f 2223 	2869 	2236
f 1340 	1331 	1346
f 2714 	2438 	2432
f 2714 	2432 	2713
f 2707 	2719 	709
f 2719 	2720 	709
f 2720 	2721 	709
f 2721 	2722 	709
f 2722 	2723 	709
f 2710 	2705 	709
f 2723 	2732 	709
f 2236 	2873 	2240
f 2438 	2714 	2452
f 2726 	2452 	2714
f 2240 	2873 	2242
f 1360 	738 	736
f 1360 	736 	2728
f 2729 	2454 	2452
f 2729 	2452 	2726
f 2242 	2875 	2800
f 2704 	2947 	2731
f 2454 	2729 	2735
f 2246 	2877 	2879
f 2246 	2879 	2247
f 2736 	709 	2734
f 2733 	2734 	709
f 2737 	709 	2736
f 2738 	709 	2737
f 2739 	709 	2738
f 2732 	2733 	709
f 2740 	709 	2739
f 2741 	709 	2740
f 2742 	2458 	2735
f 2880 	2249 	2879
f 2247 	2879 	2249
f 2724 	2836 	2718
f 2836 	2725 	2727
f 2727 	2730 	2836
f 2730 	2744 	2836
f 2744 	2758 	2836
f 2458 	2742 	2460
f 2746 	2460 	2742
f 2747 	709 	2741
f 2709 	2710 	709
f 2748 	709 	2747
f 2749 	709 	2748
f 2750 	709 	2749
f 2249 	2880 	2256
f 1872 	1867 	1817
f 2752 	2466 	2460
f 2752 	2460 	2746
f 1819 	1817 	1851
f 1867 	1851 	1817
f 2466 	2752 	2755
f 2258 	2886 	2260
f 1020 	1397 	2753
f 1850 	1822 	1851
f 1819 	1851 	1822
f 2756 	2475 	2755
f 2758 	2763 	2836
f 2763 	2764 	2836
f 2260 	2886 	2263
f 2764 	2766 	2836
f 711 	2728 	2704
f 2762 	2704 	2728
f 2760 	2762 	2728
f 2766 	2767 	2836
f 2767 	2768 	2836
f 1468 	2887 	1470
f 1822 	1850 	1849
f 1470 	2887 	1473
f 2768 	2771 	2836
f 1849 	1827 	1829
f 912 	1011 	913
f 910 	1011 	912
f 913 	1006 	914
f 905 	1015 	910
f 923 	2753 	925
f 914 	996 	915
f 2933 	1475 	1473
f 1909 	1829 	1827
f 2934 	1477 	1475
f 2934 	1475 	2933
f 2836 	2771 	2599
f 1477 	2934 	1490
f 2935 	1490 	2934
f 1011 	910 	1015
f 1006 	913 	1011
f 1002 	914 	1006
f 996 	914 	1002
f 932 	915 	996
f 929 	915 	932
f 919 	2753 	923
f 1056 	2753 	919
f 925 	2753 	929
f 1839 	1835 	1908
f 2936 	1493 	1490
f 2936 	1490 	2935
f 1020 	2753 	1021
f 1024 	1021 	2753
f 1839 	1908 	1907
f 2837 	2200 	2319
f 2681 	2877 	2246
f 2681 	2246 	2149
f 2739 	2738 	2778
f 2223 	2711 	2869
f 2475 	2756 	2526
f 2784 	2526 	2756
f 2285 	2185 	2287
f 1900 	1856 	1901
f 2780 	2787 	2774
f 2774 	2791 	2780
f 2787 	2788 	2773
f 2803 	2773 	2788
f 2788 	2789 	2799
f 2569 	2596 	2789
f 2799 	2803 	2788
f 2569 	2570 	2593
f 2184 	2290 	2185
f 2287 	2185 	2290
f 2526 	2784 	2790
f 1899 	1856 	1900
f 2734 	2792 	2786
f 2791 	2793 	2779
f 2779 	2780 	2791
f 2290 	2184 	1794
f 2817 	2775 	2796
f 2794 	2600 	2790
f 2198 	2251 	2248
f 2198 	2248 	2199
f 2600 	2794 	2797
f 2198 	2253 	2251
f 2773 	2774 	2787
f 2799 	2789 	2596
f 2798 	2749 	2801
f 2802 	2608 	2797
f 2801 	2749 	2804
f 2254 	2253 	2195
f 2599 	2615 	2836
f 2608 	2802 	2808
f 915 	2753 	2814
f 2823 	2824 	2812
f 2812 	2813 	2823
f 2821 	2823 	2813
f 2811 	2812 	2824
f 1495 	2187 	2937
f 2277 	2275 	2191
f 2805 	2815 	2167
f 2793 	2796 	2775
f 2779 	2793 	2775
f 2814 	2753 	945
f 2818 	2169 	2815
f 2167 	2815 	2169
f 2938 	1497 	2937
f 1495 	2937 	1497
f 960 	2750 	2798
f 2283 	2190 	2189
f 2813 	2816 	2821
f 2819 	2821 	2816
f 2816 	2817 	2819
f 2819 	2817 	2796
f 2169 	2818 	2820
f 2169 	2820 	2171
f 2188 	2284 	2189
f 2283 	2189 	2284
f 2939 	1499 	2938
f 1497 	2938 	1499
f 2171 	2820 	2822
f 2284 	2188 	2186
f 2284 	2186 	2285
f 2722 	2745 	2743
f 2847 	2838 	2833
f 2822 	2825 	2177
f 2285 	2186 	2185
f 1499 	2939 	1501
f 2721 	2751 	2722
f 2745 	2722 	2751
f 2833 	2835 	2847
f 2177 	2825 	2827
f 2754 	2751 	2720
f 2721 	2720 	2751
f 2827 	2829 	2180
f 1503 	2942 	1504
f 2754 	2720 	2719
f 2754 	2719 	2757
f 2845 	2846 	2858
f 2832 	2182 	2829
f 2180 	2829 	2182
f 2706 	2761 	2707
f 2759 	2707 	2761
f 2844 	2845 	2896
f 2858 	2896 	2845
f 2182 	2832 	2834
f 2182 	2834 	2187
f 2765 	2761 	2705
f 2706 	2705 	2761
f 2197 	2253 	2198
f 2707 	2759 	2719
f 2757 	2719 	2759
f 1052 	2753 	1056
f 1048 	2753 	1052
f 1044 	2753 	1048
f 915 	929 	2753
f 2753 	1044 	1036
f 2753 	1036 	1034
f 2753 	1034 	1024
f 1417 	2753 	1397
f 2709 	2770 	2710
f 2769 	2710 	2770
f 2810 	2811 	2826
f 2824 	2826 	2811
f 2826 	2828 	2810
f 1504 	2942 	1512
f 2770 	2709 	2772
f 2765 	2705 	2710
f 2765 	2710 	2769
f 1512 	2948 	2950
f 1512 	2950 	1515
f 2839 	2840 	2830
f 2840 	2809 	2830
f 2828 	2830 	2809
f 2809 	2810 	2828
f 2830 	2831 	2839
f 2831 	2833 	2838
f 2838 	2839 	2831
f 2846 	2847 	2835
f 2835 	2858 	2846
f 2806 	2747 	2776
f 2849 	2614 	2808
f 2760 	1337 	2762
f 2776 	2741 	2777
f 2851 	2209 	2850
f 2614 	2849 	2856
f 1399 	2762 	1337
f 2739 	2778 	2777
f 2896 	2901 	2844
f 2843 	2844 	2901
f 2901 	2904 	2843
f 2855 	2843 	2904
f 2904 	2907 	2855
f 2854 	2855 	2907
f 2857 	2210 	2209
f 2857 	2209 	2851
f 2781 	2778 	2738
f 2210 	2857 	2859
f 2860 	2652 	2856
f 1913 	1912 	1911
f 2737 	2783 	2738
f 2781 	2738 	2783
f 2861 	2215 	2859
f 1911 	1912 	834
f 2891 	2782 	2655
f 2521 	2655 	2782
f 2197 	2195 	2253
f 2783 	2737 	2785
f 2215 	2861 	2862
f 1977 	1816 	1921
f 2652 	2860 	2653
f 2863 	2653 	2860
f 2734 	2786 	2785
f 1977 	1921 	1784
f 2296 	2269 	2297
f 2268 	2274 	2297
f 1807 	1937 	1979
f 2952 	1517 	2950
f 1515 	2950 	1517
f 1875 	2269 	1710
f 2732 	2795 	2792
f 1983 	1979 	1935
f 1937 	1935 	1979
f 2864 	2865 	2227
f 2723 	2743 	2732
f 2795 	2732 	2743
f 2227 	2865 	2866
f 1933 	1986 	1935
f 1983 	1935 	1986
f 1517 	2952 	2953
f 1517 	2953 	1519
f 2272 	2311 	2308
f 2866 	2867 	2231
f 1986 	1933 	1932
f 1986 	1932 	1988
f 2231 	2867 	2868
f 2743 	2723 	2722
f 2957 	1522 	2953
f 1519 	2953 	1522
f 1931 	1991 	1932
f 1988 	1932 	1991
f 2282 	2314 	2311
f 1930 	1993 	1991
f 1930 	1991 	1931
f 2314 	2282 	2281
f 2314 	2281 	2317
f 2869 	2870 	2236
f 1456 	2871 	2872
f 1993 	1930 	1996
f 2236 	2870 	2873
f 2872 	2874 	1459
f 1996 	1929 	1927
f 2873 	2875 	2242
f 1459 	2874 	2876
f 2876 	2878 	1462
f 1462 	2878 	2881
f 2051 	1952 	1951
f 2709 	2708 	2772
f 2880 	2882 	2256
f 2881 	2883 	1466
f 2051 	1951 	2058
f 1945 	2058 	1951
f 2256 	2882 	2884
f 2256 	2884 	2258
f 1466 	2883 	2885
f 1466 	2885 	1468
f 1944 	2060 	2058
f 1944 	2058 	1945
f 2258 	2884 	2886
f 1378 	1376 	1399
f 1139 	1378 	1399
f 1155 	1150 	1399
f 1150 	1139 	1399
f 1317 	1155 	1399
f 1325 	1317 	1399
f 1329 	1325 	1399
f 1336 	1329 	1399
f 2060 	1944 	1943
f 2741 	2740 	2777
f 1468 	2885 	2887
f 1344 	1399 	1345
f 1343 	1399 	1344
f 2886 	2888 	2263
f 1356 	1399 	1357
f 2777 	2740 	2739
f 776 	1943 	1954
f 2890 	2266 	2888
f 2263 	2888 	2266
f 2266 	2890 	2892
f 2266 	2892 	2318
f 2891 	2655 	2653
f 2891 	2653 	2863
f 1299 	1300 	2894
f 2893 	2894 	1300
f 2895 	2319 	2892
f 2318 	2892 	2319
f 1376 	1372 	1399
f 1370 	1399 	1372
f 1368 	1399 	1370
f 1365 	1399 	1368
f 1357 	1399 	1365
f 1345 	1399 	1356
f 776 	1954 	780
f 1942 	780 	1954
f 2907 	2910 	2854
f 2853 	2854 	2910
f 2319 	2895 	2837
f 2897 	2898 	2899
f 2897 	2899 	2900
f 1807 	1979 	1780
f 2900 	2899 	2902
f 2900 	2902 	2903
f 2903 	2902 	2905
f 2903 	2905 	2906
f 2910 	2916 	2853
f 2906 	2905 	2908
f 2906 	2908 	2909
f 2909 	2908 	2911
f 2909 	2911 	2912
f 2852 	2853 	2916
f 1390 	1388 	1399
f 2362 	2913 	830
f 831 	830 	2913
f 2912 	2911 	2914
f 2912 	2914 	2915
f 2440 	2917 	2913
f 2440 	2913 	2362
f 2915 	2914 	2918
f 2915 	2918 	2919
f 2439 	2920 	2917
f 2439 	2917 	2440
f 2852 	2916 	2921
f 2919 	2918 	2922
f 2919 	2922 	2923
f 1337 	1336 	1399
f 1391 	1399 	1343
f 1390 	1399 	1391
f 1388 	1385 	1399
f 1384 	1399 	1385
f 2397 	2924 	2920
f 2397 	2920 	2439
f 2923 	2922 	2925
f 2923 	2925 	2926
f 2364 	2927 	2924
f 2364 	2924 	2397
f 1927 	2013 	1996
f 1397 	1677 	1417
f 1399 	1677 	1397
f 2926 	2925 	2928
f 2926 	2928 	2929
f 2363 	2930 	2927
f 2363 	2927 	2364
f 1952 	2013 	1927
f 2929 	2928 	2931
f 2929 	2931 	2932
f 1384 	1381 	1399
f 2013 	1952 	2047
f 821 	818 	858
f 855 	858 	818
f 815 	855 	818
f 843 	847 	805
f 811 	851 	815
f 863 	868 	830
f 2889 	1473 	2887
f 2051 	2047 	1952
f 2448 	2980 	2449
f 2933 	1473 	2889
f 805 	880 	843
f 839 	843 	880
f 839 	880 	877
f 1634 	1627 	1404
f 1406 	1404 	1627
f 1627 	1622 	1406
f 1622 	1617 	1406
f 1621 	1617 	1622
f 2447 	2984 	2448
f 811 	805 	847
f 2984 	2447 	2446
f 1652 	1674 	1402
f 1402 	1674 	1645
f 855 	815 	851
f 847 	851 	811
f 1943 	2063 	2060
f 2445 	2987 	2446
f 776 	2063 	1943
f 858 	861 	821
f 824 	821 	861
f 2987 	2445 	2989
f 2444 	2989 	2445
f 861 	863 	824
f 830 	824 	863
f 2989 	2444 	2443
f 1445 	2702 	1456
f 2871 	1456 	2702
f 2483 	2490 	2362
f 1578 	1564 	1406
f 1564 	1561 	1406
f 1561 	1558 	1406
f 1558 	1553 	1406
f 1553 	1546 	1406
f 1546 	1540 	1406
f 1540 	1542 	1406
f 1408 	1406 	1542
f 1411 	1408 	1542
f 1414 	1411 	1542
f 1542 	709 	1414
f 2737 	2736 	2785
f 2440 	2362 	2490
f 2785 	2736 	2734
f 2996 	2490 	2994
f 2483 	2994 	2490
f 1617 	1615 	1406
f 2490 	2494 	2440
f 2734 	2733 	2792
f 2997 	2494 	2996
f 2490 	2996 	2494
f 2494 	2997 	2497
f 2792 	2733 	2732
f 927 	924 	896
f 1589 	1584 	1406
f 1606 	1600 	1406
f 1608 	1606 	1406
f 1600 	1589 	1406
f 1609 	1608 	1406
f 1615 	1609 	1406
f 1584 	1582 	1406
f 1582 	1578 	1406
f 930 	927 	898
f 896 	898 	927
f 898 	902 	930
f 2499 	3021 	2501
f 2939 	2940 	1501
f 902 	903 	933
f 933 	930 	902
f 2501 	3021 	3022
f 2501 	3022 	2505
f 903 	877 	933
f 2703 	1448 	2957
f 2798 	2750 	2749
f 1503 	2941 	2942
f 2749 	2748 	2804
f 2505 	3022 	2508
f 3033 	2508 	3022
f 903 	839 	877
f 2747 	2806 	2748
f 2804 	2748 	2806
f 1669 	1645 	1674
f 1666 	1645 	1669
f 1665 	1645 	1666
f 1660 	1645 	1665
f 2948 	1512 	2942
f 2741 	2776 	2747
f 1687 	1684 	1681
f 891 	893 	918
f 922 	918 	893
f 918 	916 	891
f 1076 	891 	916
f 911 	1076 	916
f 1501 	2940 	2941
f 1501 	2941 	1503
f 2486 	3036 	2487
f 3036 	2486 	3037
f 2485 	3037 	2486
f 1417 	945 	2753
f 3037 	2485 	2980
f 2449 	2980 	2485
f 2932 	2931 	2943
f 2932 	2943 	2944
f 2944 	2943 	2945
f 2944 	2945 	2946
f 1060 	1065 	1100
f 1100 	1098 	1060
f 1065 	1068 	1103
f 1057 	1060 	1098
f 1098 	1094 	1057
f 1050 	1057 	1094
f 1094 	1082 	1050
f 2762 	2947 	2704
f 2949 	2760 	1159
f 2076 	1159 	2760
f 1684 	2041 	1681
f 1688 	1687 	1681
f 1103 	1100 	1065
f 761 	1015 	2951
f 1068 	1073 	1106
f 1106 	1103 	1068
f 1674 	1652 	1681
f 911 	1106 	1073
f 1448 	1522 	2957
f 1073 	1076 	911
f 1488 	2946 	1890
f 2945 	1890 	2946
f 893 	896 	922
f 910 	2956 	905
f 2951 	905 	2956
f 2954 	2955 	2898
f 2954 	2898 	2897
f 924 	922 	896
f 1870 	1681 	1940
f 2894 	2893 	2954
f 2955 	2954 	2893
f 2956 	910 	912
f 2956 	912 	2958
f 1692 	1688 	1681
f 749 	2959 	2960
f 913 	2961 	912
f 2958 	912 	2961
f 2936 	3001 	1493
f 2961 	913 	2962
f 915 	2963 	2962
f 1831 	1524 	1963
f 1924 	1922 	1898
f 1915 	1898 	1922
f 1898 	1889 	1924
f 1889 	1884 	1924
f 1884 	1878 	1924
f 1928 	1924 	1878
f 1655 	1928 	1645
f 1660 	1655 	1645
f 1878 	1645 	1928
f 2963 	915 	2814
f 1371 	1407 	1299
f 1407 	1413 	1299
f 1413 	1421 	1299
f 1058 	3005 	1530
f 1940 	1681 	1939
f 1939 	1681 	1941
f 852 	1056 	2964
f 1421 	1422 	1299
f 1422 	1425 	1299
f 1949 	1870 	1940
f 923 	2965 	919
f 2964 	919 	2965
f 1526 	3007 	1534
f 2965 	923 	925
f 2965 	925 	728
f 1425 	1427 	1299
f 1432 	1299 	1427
f 1692 	3005 	1058
f 929 	730 	925
f 728 	925 	730
f 730 	929 	932
f 730 	932 	732
f 2012 	1681 	2016
f 2009 	1681 	2012
f 2055 	1681 	2057
f 2057 	1681 	1999
f 2053 	1681 	2055
f 1999 	1681 	2003
f 1534 	3018 	1541
f 1450 	1453 	1488
f 996 	750 	932
f 732 	932 	750
f 2027 	1681 	2030
f 2003 	1681 	2006
f 2336 	2403 	2337
f 1454 	1455 	1488
f 1453 	1454 	1488
f 1545 	3009 	1547
f 750 	996 	751
f 1458 	1461 	1488
f 1455 	1458 	1488
f 2036 	1681 	2038
f 2030 	1681 	2033
f 2036 	2033 	1681
f 2006 	1681 	2009
f 2018 	1681 	2027
f 2016 	1681 	2018
f 1006 	753 	751
f 1463 	1465 	1488
f 1461 	1463 	1488
f 1541 	3009 	1545
f 1465 	1467 	1488
f 753 	1006 	1011
f 753 	1011 	755
f 2050 	1681 	2053
f 1941 	1681 	2050
f 2040 	2038 	1681
f 2041 	2040 	1681
f 1547 	3008 	1554
f 755 	1011 	1015
f 755 	1015 	761
f 1554 	3016 	3015
f 1554 	3015 	1556
f 1467 	1469 	1488
f 905 	2951 	1015
f 1556 	3015 	1571
f 1469 	1471 	1488
f 2078 	2076 	2728
f 2076 	2760 	2728
f 773 	1020 	1021
f 773 	1021 	774
f 2358 	2357 	2411
f 1471 	1474 	1488
f 1024 	802 	1021
f 774 	1021 	802
f 2411 	2357 	2356
f 835 	802 	1024
f 1576 	3011 	1580
f 899 	1397 	773
f 1299 	1488 	1371
f 1474 	1371 	1488
f 1614 	1580 	992
f 2455 	2453 	2457
f 2453 	2450 	2457
f 2450 	2442 	2457
f 2442 	2441 	2457
f 2441 	2437 	2457
f 2437 	2434 	2457
f 2461 	2457 	2434
f 2467 	2461 	2434
f 2434 	2431 	2467
f 2473 	2467 	2431
f 2473 	2431 	2428
f 2481 	2495 	2428
f 1478 	1479 	1488
f 2354 	2353 	2418
f 835 	1034 	1036
f 835 	1036 	838
f 1446 	1488 	1480
f 1479 	1480 	1488
f 1044 	842 	1036
f 838 	1036 	842
f 2418 	2353 	2352
f 842 	1044 	1048
f 842 	1048 	846
f 1052 	849 	1048
f 846 	1048 	849
f 1446 	1450 	1488
f 1299 	2894 	1488
f 2946 	1488 	2894
f 2967 	3004 	2968
f 849 	1052 	1056
f 849 	1056 	852
f 919 	2964 	1056
f 2968 	3004 	2969
f 1478 	1488 	2349
f 2516 	2685 	2536
f 2536 	2685 	2542
f 2513 	2685 	2516
f 2510 	2685 	2513
f 2509 	2685 	2510
f 2509 	2506 	2685
f 2506 	2495 	2685
f 2481 	2685 	2495
f 2489 	2428 	2495
f 2473 	2428 	2489
f 2542 	2685 	2545
f 2698 	2545 	2684
f 3041 	2557 	2517
f 1381 	3005 	1399
f 3042 	2559 	2557
f 3042 	2557 	3041
f 2559 	3042 	2562
f 3043 	2562 	3042
f 2565 	2556 	2605
f 2556 	2555 	2605
f 1970 	1971 	1980
f 1980 	1998 	1970
f 1968 	1970 	1998
f 1998 	1995 	1968
f 2029 	1948 	2049
f 1967 	1968 	1995
f 3001 	1963 	1524
f 1971 	1973 	1981
f 1981 	1980 	1971
f 2078 	2481 	2076
f 2562 	3043 	2576
f 1984 	1981 	1976
f 1973 	1976 	1981
f 1586 	3032 	1590
f 1082 	1984 	1046
f 1976 	1046 	1984
f 2576 	3050 	2579
f 3030 	1592 	1590
f 2606 	2673 	2481
f 2078 	2606 	2481
f 1592 	3030 	1594
f 1594 	3027 	1596
f 1046 	1050 	1082
f 1596 	3027 	1599
f 2396 	2470 	2399
f 2597 	2591 	2580
f 2580 	2568 	2597
f 2584 	2580 	2591
f 2601 	2597 	2568
f 2568 	2566 	2601
f 2566 	2565 	2601
f 2605 	2601 	2565
f 2555 	2695 	2605
f 2605 	2676 	2606
f 2587 	3055 	2589
f 2001 	2232 	2000
f 2232 	2225 	2000
f 2470 	2469 	2399
f 2672 	2481 	2673
f 2669 	2481 	2670
f 2670 	2481 	2672
f 2589 	3055 	3056
f 2589 	3056 	2593
f 2019 	2023 	2043
f 3057 	2596 	3056
f 2593 	3056 	2596
f 2596 	3057 	3137
f 2596 	3137 	2799
f 2026 	2029 	2046
f 2046 	2044 	2026
f 2023 	2026 	2044
f 3044 	2443 	2574
f 2676 	2605 	2677
f 2675 	2606 	2676
f 2673 	2606 	2675
f 2666 	2481 	2669
f 2688 	2481 	2666
f 2677 	2605 	2678
f 1990 	2049 	1948
f 2573 	3045 	2574
f 1948 	1967 	1990
f 2572 	3045 	2573
f 2686 	2481 	2687
f 2685 	2481 	2686
f 2687 	2481 	2688
f 2571 	3047 	2572
f 2684 	2545 	2685
f 2570 	3047 	2571
f 1995 	1990 	1967
f 2569 	3049 	2570
f 3067 	3085 	2977
f 2695 	2693 	2605
f 2680 	2605 	2690
f 2678 	2605 	2680
f 2690 	2605 	2691
f 2691 	2605 	2693
f 2044 	2043 	2023
f 2049 	2046 	2029
f 2043 	2042 	2019
f 2015 	2019 	2042
f 2042 	2039 	2015
f 2011 	2015 	2039
f 2039 	2035 	2011
f 2008 	2011 	2035
f 2035 	2238 	2008
f 2005 	2008 	2238
f 2448 	2982 	2980
f 1677 	1399 	3005
f 2984 	2982 	2448
f 3088 	3089 	2983
f 2446 	2986 	2984
f 2702 	2078 	2728
f 2987 	2986 	2446
f 2179 	2181 	2205
f 2205 	2203 	2179
f 2176 	2179 	2203
f 2203 	2201 	2176
f 2852 	2921 	2201
f 2173 	2176 	2201
f 2173 	2201 	2921
f 2181 	2183 	2207
f 2207 	2205 	2181
f 2443 	2991 	2989
f 3044 	2991 	2443
f 2194 	2217 	2183
f 2217 	2207 	2183
f 2523 	2463 	2524
f 3092 	3093 	2992
f 2885 	1978 	2887
f 2889 	2887 	1978
f 2883 	1978 	2885
f 2881 	1978 	2883
f 2878 	1978 	2881
f 2933 	2889 	1978
f 2934 	2933 	1978
f 2935 	2934 	1978
f 2876 	1978 	2878
f 2872 	1978 	2874
f 2871 	1978 	2872
f 2874 	1978 	2876
f 2483 	1156 	2994
f 868 	1156 	2483
f 2463 	2525 	2524
f 2702 	2703 	2871
f 1978 	2871 	2957
f 901 	2947 	2762
f 1399 	901 	2762
f 2217 	2194 	2220
f 2211 	2222 	2196
f 2196 	2220 	2194
f 2220 	2196 	2222
f 2224 	2222 	2211
f 2211 	2214 	2224
f 2224 	2214 	2225
f 2941 	2940 	2825
f 2214 	2000 	2225
f 1603 	3023 	1605
f 2703 	2957 	2871
f 3023 	1526 	1605
f 2001 	2005 	2234
f 2232 	2001 	2234
f 2235 	2234 	2005
f 2238 	2235 	2005
f 2331 	2333 	2366
f 2349 	2366 	2333
f 2333 	2335 	2349
f 2533 	2504 	2534
f 2504 	2533 	2531
f 810 	1378 	866
f 2349 	2335 	1478
f 2966 	3064 	3002
f 2952 	2950 	2820
f 2822 	2820 	2950
f 2950 	2948 	2822
f 2948 	2942 	2822
f 2942 	2941 	2822
f 2825 	2822 	2941
f 2939 	2825 	2940
f 2937 	2825 	2938
f 2834 	2825 	2937
f 2368 	2432 	2329
f 1150 	870 	1139
f 866 	1139 	870
f 2966 	3002 	3003
f 2966 	3003 	2967
f 2936 	2935 	1978
f 2936 	1972 	3001
f 2972 	2960 	2959
f 2375 	2374 	2400
f 2374 	2377 	2400
f 2377 	2379 	2400
f 2379 	2381 	2400
f 2381 	2383 	2400
f 2967 	3003 	3004
f 1155 	874 	1150
f 870 	1150 	874
f 2268 	2297 	2269
f 2435 	2400 	2383
f 1677 	3005 	1652
f 2306 	2297 	2274
f 3004 	3006 	2969
f 874 	1155 	1317
f 874 	1317 	875
f 2296 	1710 	2269
f 3005 	1692 	1681
f 1652 	3005 	1681
f 2960 	2972 	3034
f 720 	1337 	2949
f 2273 	2308 	2306
f 2273 	2306 	2274
f 1524 	1493 	3001
f 1325 	878 	1317
f 875 	1317 	878
f 2308 	2273 	2272
f 3007 	1526 	3023
f 878 	1325 	1329
f 878 	1329 	882
f 2997 	3019 	2497
f 3013 	1238 	3012
f 3014 	1238 	3013
f 3015 	1238 	3014
f 3016 	1761 	3015
f 3008 	1761 	3016
f 3009 	1761 	3008
f 3017 	1761 	3009
f 3012 	1238 	3011
f 1381 	1530 	3005
f 2282 	2311 	2272
f 2497 	3019 	3020
f 2497 	3020 	2499
f 882 	1329 	719
f 2499 	3020 	3021
f 2760 	2949 	1337
f 2970 	3010 	3029
f 2970 	3029 	2971
f 2435 	2383 	2385
f 2435 	2385 	2404
f 2404 	2405 	2435
f 2366 	2368 	2331
f 3027 	3028 	3018
f 3026 	3027 	3018
f 3028 	3030 	3018
f 1761 	3018 	3030
f 1757 	1761 	3030
f 1514 	1805 	1662
f 3031 	1757 	3030
f 3025 	3026 	3018
f 2405 	2408 	2435
f 2408 	2410 	2435
f 3038 	2508 	3033
f 3034 	2972 	3029
f 2971 	3029 	2972
f 2410 	2412 	2435
f 2412 	2415 	2435
f 2363 	2487 	3035
f 2363 	3035 	2930
f 2415 	2417 	2435
f 3010 	2970 	3006
f 2969 	3006 	2970
f 2417 	2419 	2435
f 2419 	2421 	2435
f 3035 	2487 	3036
f 2294 	2292 	2323
f 1018 	1012 	1238
f 1008 	1238 	1012
f 1000 	1238 	1004
f 998 	1238 	1000
f 992 	1238 	998
f 3011 	1238 	992
f 2974 	2973 	3064
f 3063 	3064 	2973
f 2422 	2452 	2421
f 2422 	2424 	2438
f 2294 	2323 	2298
f 2322 	2298 	2323
f 2329 	2432 	2424
f 2974 	3064 	2966
f 2508 	3038 	2512
f 2321 	2298 	2322
f 3039 	2515 	3038
f 2512 	3038 	2515
f 3040 	2517 	3039
f 2515 	3039 	2517
f 2975 	3065 	2976
f 2517 	3040 	3041
f 1238 	1235 	1115
f 1238 	1115 	1112
f 1238 	1112 	1110
f 1238 	1110 	1108
f 1238 	1108 	1104
f 1238 	1104 	1099
f 1238 	1099 	1038
f 1238 	1038 	1033
f 1238 	1033 	1030
f 1238 	1030 	1026
f 1238 	1026 	1023
f 1238 	1023 	1018
f 1008 	1004 	1238
f 2329 	2331 	2368
f 2438 	2424 	2432
f 2452 	2422 	2438
f 3017 	1541 	3018
f 2452 	2454 	2421
f 2454 	2456 	2421
f 1189 	1185 	1192
f 1195 	1192 	1185
f 1185 	1115 	1216
f 3008 	1547 	3009
f 3050 	2576 	3043
f 2456 	2458 	2421
f 2458 	2460 	2421
f 2460 	2466 	2421
f 1541 	3017 	3009
f 2345 	2378 	2346
f 3045 	3044 	2574
f 3016 	1554 	3008
f 1825 	1212 	1238
f 2466 	2468 	2421
f 2572 	3046 	3045
f 2345 	2344 	2378
f 2380 	2378 	2344
f 1825 	1238 	1761
f 2435 	2421 	2468
f 3047 	3046 	2572
f 3014 	1571 	3015
f 2380 	2344 	2382
f 2343 	2382 	2344
f 2468 	2475 	2435
f 2570 	3048 	3047
f 1216 	1115 	1235
f 1195 	1185 	1216
f 3018 	1761 	3017
f 1571 	3014 	1574
f 3013 	1574 	3014
f 3049 	3048 	2570
f 2382 	2343 	2342
f 1574 	3013 	1576
f 3012 	1576 	3013
f 1751 	1748 	1536
f 2569 	2789 	3049
f 1576 	3012 	3011
f 2341 	2387 	2342
f 1805 	1802 	1662
f 1663 	1662 	1802
f 3024 	3025 	3018
f 2475 	2526 	2435
f 2526 	2528 	2435
f 2528 	2600 	2435
f 2391 	2387 	2340
f 2341 	2340 	2387
f 3051 	2579 	3050
f 2600 	2604 	2435
f 2604 	2608 	2435
f 2579 	3051 	2582
f 3052 	2582 	3051
f 2339 	2394 	2340
f 2391 	2340 	2394
f 2608 	2609 	2435
f 1694 	1691 	1536
f 1662 	1694 	1536
f 1680 	1536 	1691
f 1751 	1536 	1673
f 1536 	1514 	1662
f 3067 	2977 	2976
f 2582 	3052 	2585
f 3053 	2585 	3052
f 2394 	2339 	2338
f 2609 	2614 	2435
f 2614 	2651 	2435
f 3054 	2587 	2585
f 3054 	2585 	3053
f 2978 	2977 	3085
f 2651 	2652 	2435
f 2401 	2398 	2337
f 2587 	3054 	3055
f 2652 	2653 	2435
f 3086 	2979 	3085
f 2978 	3085 	2979
f 2403 	2401 	2337
f 1742 	1741 	1748
f 1741 	1708 	1748
f 1708 	1706 	1748
f 1706 	1705 	1748
f 1705 	1702 	1748
f 1702 	1699 	1748
f 1699 	1535 	1748
f 1535 	1536 	1748
f 1680 	1673 	1536
f 2521 	2435 	2653
f 1757 	3031 	1755
f 2979 	3086 	2981
f 2403 	2336 	2326
f 2655 	2521 	2653
f 3088 	2983 	2981
f 3032 	1663 	1763
f 1799 	1763 	1663
f 1802 	1799 	1663
f 1755 	3032 	1763
f 3023 	3024 	3018
f 3032 	1755 	3031
f 2985 	2983 	3089
f 2325 	2291 	2289
f 2325 	2289 	2326
f 3007 	3023 	3018
f 1238 	3015 	1761
f 2906 	2909 	2894
f 3130 	3058 	2599
f 2900 	2903 	2894
f 2894 	2954 	2900
f 2897 	2900 	2954
f 2291 	2325 	2292
f 2324 	2292 	2325
f 3090 	2988 	3089
f 2985 	3089 	2988
f 2906 	2894 	2903
f 2324 	2323 	2292
f 2599 	3058 	3059
f 2599 	3059 	2615
f 1586 	1846 	3032
f 2909 	2912 	2894
f 1978 	1972 	2936
f 2912 	2915 	2894
f 3032 	3031 	1590
f 1966 	1972 	1965
f 2919 	2923 	2894
f 2915 	2919 	2894
f 2615 	3059 	3060
f 2615 	3060 	2620
f 2321 	2309 	2298
f 1590 	3031 	3030
f 2923 	2926 	2894
f 1962 	1972 	1964
f 1963 	1972 	1962
f 2321 	2390 	2309
f 2926 	2929 	2894
f 3030 	3028 	1594
f 1963 	3001 	1972
f 2620 	3060 	3061
f 2620 	3061 	2627
f 2929 	2932 	2894
f 1594 	3028 	3027
f 2932 	2944 	2894
f 2944 	2946 	2894
f 3027 	3026 	1599
f 2627 	3061 	3062
f 2627 	3062 	2629
f 1972 	2259 	1969
f 1969 	1965 	1972
f 1966 	1964 	1972
f 2347 	2327 	2350
f 2320 	2350 	2327
f 3025 	1602 	3026
f 1599 	3026 	1602
f 2327 	2347 	2346
f 2327 	2346 	2376
f 1602 	3025 	3024
f 1602 	3024 	1603
f 2376 	2346 	2378
f 2988 	3090 	2990
f 749 	2966 	2959
f 1994 	1992 	2869
f 1992 	1989 	2869
f 1989 	1987 	2869
f 1985 	2869 	1987
f 1982 	2869 	1985
f 1974 	2869 	1982
f 1975 	2869 	1974
f 3092 	2992 	2990
f 2966 	2967 	2959
f 2967 	2968 	2959
f 2968 	2969 	2959
f 2993 	2992 	3093
f 2969 	2970 	2959
f 2365 	729 	1825
f 2382 	2342 	2384
f 2970 	2971 	2959
f 3093 	2995 	2993
f 2972 	2959 	2971
f 2384 	2342 	2387
f 3063 	2973 	2995
f 2313 	1972 	2316
f 2305 	1972 	2304
f 2313 	2304 	1972
f 2303 	1972 	2305
f 2300 	1972 	2303
f 2267 	1972 	2300
f 2265 	1972 	2267
f 2262 	1972 	2265
f 2259 	1972 	2262
f 2361 	2316 	1972
f 2979 	2981 	1366
f 2983 	2985 	1366
f 2988 	2990 	1366
f 2974 	749 	2973
f 1825 	729 	1212
f 2966 	749 	2974
f 2338 	2398 	2394
f 2369 	729 	2365
f 2977 	2978 	862
f 2338 	2337 	2398
f 2978 	2979 	862
f 3065 	3066 	2976
f 1366 	862 	2979
f 2522 	2369 	2365
f 2983 	1366 	2981
f 2976 	3066 	3067
f 2326 	2289 	2403
f 2988 	1366 	2985
f 1603 	3024 	3023
f 1972 	2369 	2522
f 2990 	2992 	1366
f 2992 	2993 	1366
f 2507 	2531 	2406
f 2359 	2407 	2360
f 2406 	2360 	2407
f 3018 	1534 	3007
f 1085 	1612 	1949
f 2358 	2409 	2359
f 2407 	2359 	2409
f 2993 	2995 	1366
f 2973 	749 	2995
f 3011 	992 	1580
f 2409 	2358 	2411
f 1972 	2522 	2519
f 1972 	2519 	2511
f 1972 	2511 	2502
f 1972 	2502 	2493
f 1972 	2493 	2482
f 1972 	2482 	2474
f 1972 	2474 	2393
f 2361 	1972 	2393
f 1366 	2995 	749
f 1614 	992 	1619
f 998 	1619 	992
f 2356 	2413 	2411
f 2603 	2869 	2602
f 884 	888 	2999
f 1000 	1647 	1619
f 1000 	1619 	998
f 2413 	2356 	2355
f 2413 	2355 	2414
f 2999 	3000 	884
f 2975 	879 	3000
f 1647 	1000 	1649
f 1004 	1649 	1000
f 2354 	2416 	2355
f 2414 	2355 	2416
f 2612 	2869 	2642
f 2610 	2869 	2612
f 2607 	2869 	2610
f 2602 	2869 	2607
f 2532 	2869 	2603
f 2529 	2869 	2532
f 2527 	2869 	2529
f 1997 	2869 	2527
f 1008 	1651 	1649
f 1008 	1649 	1004
f 2416 	2354 	2418
f 1651 	1008 	1654
f 1012 	1654 	1008
f 2418 	2352 	2420
f 3068 	3069 	1064
f 3149 	1064 	3146
f 3069 	3070 	1064
f 3071 	1064 	3070
f 2350 	2320 	2352
f 2420 	2352 	2320
f 1012 	1656 	1654
f 2660 	2657 	2869
f 2662 	2660 	2869
f 2657 	2656 	2869
f 2656 	2654 	2869
f 2654 	2642 	2869
f 2664 	2662 	2869
f 1994 	2869 	1997
f 2423 	2309 	2390
f 1656 	1018 	1753
f 3072 	3073 	3074
f 3076 	3077 	3074
f 3073 	3075 	3074
f 1766 	1753 	1023
f 2703 	2728 	2681
f 2388 	2426 	2389
f 1030 	1769 	1766
f 1629 	3074 	3078
f 2426 	2388 	2427
f 2386 	2427 	2388
f 1033 	1773 	1769
f 1033 	1769 	1030
f 2427 	2386 	2373
f 1773 	1033 	1774
f 1038 	1774 	1033
f 3077 	3078 	3074
f 3075 	3076 	3074
f 1629 	3078 	3079
f 3079 	3104 	1629
f 1779 	1774 	1038
f 2832 	2829 	2834
f 2829 	2827 	2834
f 2827 	2825 	2834
f 2820 	2818 	2952
f 2953 	2952 	2818
f 2957 	2953 	2818
f 2815 	2957 	2818
f 2805 	2957 	2815
f 2800 	2957 	2805
f 3084 	2807 	2641
f 1104 	1782 	1779
f 2629 	3062 	3080
f 2629 	3080 	2634
f 1108 	1785 	1782
f 1108 	1782 	1104
f 2370 	2436 	2371
f 2634 	3080 	3081
f 2634 	3081 	2637
f 1785 	1108 	1787
f 1110 	1787 	1108
f 2859 	3048 	2861
f 2857 	3048 	2859
f 2862 	2861 	3048
f 2851 	3048 	2857
f 2850 	3048 	2851
f 2848 	3048 	2850
f 2842 	3048 	2848
f 2841 	3048 	2842
f 2837 	3048 	2841
f 2637 	3081 	3082
f 2637 	3082 	2638
f 1112 	1790 	1787
f 1112 	1787 	1110
f 1115 	1797 	1791
f 2638 	3082 	3083
f 2638 	3083 	2640
f 2864 	2862 	3048
f 2864 	3048 	2865
f 2865 	3048 	2866
f 2884 	3048 	2886
f 2875 	2957 	2800
f 2873 	2957 	2875
f 2870 	2957 	2873
f 2869 	2957 	2870
f 2938 	2825 	2939
f 2640 	3083 	3084
f 2640 	3084 	2641
f 2464 	2523 	2520
f 3086 	3087 	2981
f 2436 	2370 	2525
f 2981 	3087 	3088
f 2523 	2464 	2463
f 2895 	3048 	2837
f 2892 	3048 	2895
f 2890 	3048 	2892
f 2888 	3048 	2890
f 2886 	3048 	2888
f 2880 	3048 	2882
f 2882 	3048 	2884
f 3103 	2711 	2141
f 2866 	3048 	2867
f 2868 	3140 	3084
f 3090 	3091 	2990
f 2957 	2869 	1978
f 2869 	2711 	3103
f 2990 	3091 	3092
f 2472 	2471 	2395
f 2396 	2471 	2470
f 3102 	2715 	2712
f 3093 	3094 	2995
f 2402 	2399 	2469
f 3108 	2716 	2715
f 2927 	2681 	2924
f 2681 	2728 	2924
f 2930 	2681 	2927
f 2995 	3094 	3063
f 2717 	2716 	3108
f 3071 	3095 	2998
f 3112 	2718 	2717
f 2472 	2395 	2480
f 2392 	2480 	2395
f 2998 	3095 	3096
f 2998 	3096 	2999
f 3113 	2724 	2718
f 3113 	2718 	3112
f 3097 	3000 	3096
f 2999 	3096 	3000
f 2402 	2479 	2459
f 2982 	2681 	2980
f 2725 	2724 	3113
f 2984 	2681 	2982
f 3065 	3000 	3097
f 2975 	3000 	3065
f 2459 	2479 	2462
f 3117 	2727 	2725
f 2986 	2681 	2984
f 3095 	3071 	3101
f 2727 	3117 	2730
f 3119 	2730 	3117
f 2462 	2477 	2514
f 2987 	2877 	2986
f 2989 	2877 	2987
f 2730 	3119 	3122
f 2514 	2477 	2518
f 3068 	3098 	3099
f 3068 	3099 	3069
f 2991 	2877 	2989
f 3044 	2877 	2991
f 2681 	2986 	2877
f 3069 	3099 	3100
f 3069 	3100 	3070
f 2744 	2730 	3122
f 3070 	3100 	3101
f 3070 	3101 	3071
f 2744 	3122 	2758
f 3125 	2763 	2758
f 2423 	2390 	2425
f 2389 	2425 	2390
f 2763 	3125 	3126
f 2763 	3126 	2764
f 3022 	1188 	3033
f 1188 	1184 	3038
f 1188 	3022 	3021
f 1188 	3021 	3020
f 1188 	3020 	3019
f 1188 	3019 	2997
f 1188 	2997 	2996
f 1188 	2996 	2994
f 1188 	2994 	1156
f 2426 	2425 	2389
f 3156 	3075 	3073
f 2930 	3035 	2681
f 2764 	3126 	2766
f 3036 	2681 	3035
f 3075 	3156 	3076
f 3157 	3076 	3156
f 2766 	3128 	2767
f 3037 	2681 	3036
f 3163 	3077 	3076
f 3163 	3076 	3157
f 2373 	2429 	2427
f 2767 	3128 	2768
f 2980 	2681 	3037
f 3077 	3163 	3078
f 3178 	3078 	3163
f 2768 	3130 	2771
f 2429 	2373 	2430
f 2372 	2430 	2373
f 2771 	3130 	2599
f 2371 	2433 	2430
f 2371 	2430 	2372
f 3041 	3040 	1182
f 3040 	3039 	1182
f 1184 	1182 	3039
f 3033 	1188 	3038
f 3074 	3187 	3072
f 2065 	2836 	3169
f 2436 	2433 	2371
f 3045 	2877 	3044
f 3046 	2877 	3045
f 3047 	2877 	3046
f 2233 	2868 	2712
f 3102 	2712 	2868
f 3049 	2868 	3048
f 2520 	2476 	2465
f 2451 	2436 	2525
f 2880 	2879 	3048
f 3047 	3048 	2879
f 2877 	3047 	2879
f 3106 	2715 	3102
f 2520 	2465 	2464
f 3108 	2715 	3106
f 3110 	2717 	3108
f 3057 	3056 	1248
f 3055 	1251 	3056
f 3051 	1260 	3052
f 3052 	1260 	3053
f 3053 	1254 	3054
f 1181 	1176 	3041
f 1182 	1181 	3041
f 3050 	1261 	3051
f 3112 	2717 	3110
f 2451 	2525 	2463
f 3115 	2725 	3113
f 2530 	2538 	2480
f 2725 	3115 	3117
f 2396 	2395 	2471
f 2867 	3048 	2868
f 3104 	3105 	1629
f 3105 	3107 	1629
f 3081 	2868 	3082
f 3083 	3082 	2868
f 3080 	2868 	3081
f 3062 	2868 	3080
f 3061 	2868 	3062
f 3060 	2868 	3061
f 3059 	2868 	3060
f 3059 	3058 	2868
f 3084 	3083 	2868
f 1115 	1791 	1790
f 1115 	1790 	1112
f 3124 	2758 	3122
f 1975 	1978 	2869
f 1115 	1185 	1797
f 3125 	2758 	3124
f 2402 	2469 	2479
f 1189 	1800 	1797
f 2479 	2478 	2462
f 2869 	3103 	2667
f 2667 	2664 	2869
f 1800 	1189 	1801
f 1192 	1801 	1189
f 3126 	3127 	2766
f 2462 	2478 	2477
f 1195 	1803 	1801
f 1195 	1801 	1192
f 2766 	3127 	3128
f 2477 	2476 	2518
f 3128 	3129 	2768
f 1216 	1813 	1195
f 3117 	3115 	2868
f 3112 	2868 	3113
f 3115 	3113 	2868
f 3110 	2868 	3112
f 3108 	2868 	3110
f 3102 	2868 	3106
f 3106 	2868 	3108
f 3119 	3117 	2868
f 2768 	3129 	3130
f 2518 	2476 	2520
f 1812 	1212 	1612
f 2540 	2492 	2541
f 2491 	2541 	2492
f 3127 	2868 	3128
f 3129 	3128 	2868
f 3130 	3129 	2868
f 3126 	2868 	3127
f 3125 	2868 	3126
f 3124 	2868 	3125
f 3122 	2868 	3124
f 3119 	2868 	3122
f 3058 	3130 	2868
f 1212 	1812 	1238
f 2773 	3135 	2774
f 3134 	2774 	3135
f 2484 	1333 	2544
f 1803 	1195 	1813
f 2791 	2774 	3134
f 2543 	2488 	2544
f 2484 	2544 	2488
f 3135 	3136 	2075
f 2077 	2075 	3136
f 2079 	2077 	3136
f 3136 	3137 	2079
f 3137 	3057 	2079
f 1244 	2079 	3057
f 1813 	1216 	1814
f 1235 	1814 	1216
f 2488 	2543 	2541
f 2488 	2541 	2491
f 3139 	2868 	3138
f 2492 	2540 	2539
f 2492 	2539 	2496
f 1238 	1815 	1814
f 1238 	1814 	1235
f 3168 	2819 	2796
f 3138 	2868 	3049
f 2537 	2498 	2539
f 2496 	2539 	2498
f 3140 	2868 	3139
f 2025 	1805 	1818
f 1535 	1836 	1833
f 1535 	1833 	1536
f 2498 	2537 	2535
f 2498 	2535 	2500
f 3143 	3151 	3142
f 3141 	3142 	3084
f 3141 	3084 	3140
f 3136 	2803 	2799
f 3136 	2799 	3137
f 2534 	2503 	2535
f 2500 	2535 	2503
f 3145 	3151 	3144
f 2803 	3136 	2773
f 3135 	2773 	3136
f 3147 	3169 	3145
f 2503 	2534 	2504
f 3148 	3169 	3147
f 3150 	3169 	3148
f 2504 	2531 	2507
f 3170 	3169 	3150
f 3098 	3068 	3149
f 2360 	2406 	2531
f 3153 	3151 	3152
f 1629 	3187 	3074
f 2780 	3141 	2787
f 3072 	3155 	3073
f 3154 	3073 	3155
f 3144 	3151 	3153
f 3143 	3152 	3151
f 3084 	3142 	3151
f 2779 	3141 	2780
f 3073 	3154 	3156
f 2480 	2392 	2530
f 2117 	2115 	3164
f 3164 	3165 	2117
f 2120 	2117 	3165
f 3165 	3166 	2120
f 2122 	2120 	3166
f 3166 	3167 	2122
f 3167 	3168 	2122
f 2125 	2122 	3168
f 3131 	2125 	3168
f 2281 	2554 	2317
f 1818 	1514 	1833
f 1536 	1833 	1514
f 3107 	3109 	1629
f 2551 	2558 	2554
f 1662 	1663 	1844
f 1844 	1663 	1846
f 3171 	3172 	3169
f 3109 	3111 	1629
f 2550 	2560 	2558
f 2550 	2558 	2551
f 3172 	3173 	3169
f 3111 	3114 	1629
f 3114 	3116 	1629
f 1663 	3032 	1846
f 2560 	2550 	2561
f 2549 	2561 	2550
f 3151 	3145 	3169
f 3170 	3171 	3169
f 3174 	3169 	3173
f 3176 	3169 	3175
f 2548 	2563 	2561
f 2548 	2561 	2549
f 3116 	3118 	1629
f 3118 	3120 	1629
f 3146 	1064 	3123
f 2564 	2563 	2548
f 1853 	1673 	1680
f 1853 	1680 	1858
f 3175 	3169 	3174
f 3177 	3169 	3176
f 3120 	3121 	1629
f 3123 	1629 	3121
f 2567 	2546 	2626
f 1629 	3123 	1064
f 3068 	1064 	3149
f 3179 	3180 	779
f 2245 	779 	3180
f 2245 	3180 	3181
f 2245 	3181 	3182
f 2245 	3182 	3183
f 2245 	3183 	3184
f 2098 	2097 	3161
f 3161 	3162 	2098
f 1691 	1861 	1680
f 1858 	1680 	1861
f 2577 	2567 	2626
f 791 	3169 	783
f 1861 	1691 	1864
f 793 	729 	791
f 783 	3169 	3177
f 3186 	741 	739
f 3186 	739 	1359
f 796 	729 	793
f 2271 	2276 	729
f 2577 	2626 	2578
f 2625 	2578 	2626
f 2812 	3145 	2813
f 2811 	3147 	3145
f 2811 	3145 	2812
f 816 	2728 	813
f 807 	2728 	1164
f 3147 	2811 	2810
f 819 	2728 	816
f 2578 	2625 	2581
f 2624 	2581 	2625
f 813 	2728 	807
f 3187 	3155 	3072
f 826 	2728 	822
f 831 	2728 	826
f 2622 	2583 	2581
f 2622 	2581 	2624
f 2583 	2622 	2586
f 2621 	2586 	2622
f 1699 	1877 	1874
f 1144 	1132 	1146
f 1132 	1126 	1146
f 1152 	1146 	1126
f 1126 	1123 	1152
f 1123 	1117 	1152
f 1156 	1152 	1117
f 1188 	1156 	1114
f 1117 	1114 	1156
f 2588 	2586 	2621
f 1706 	1883 	1881
f 1706 	1881 	1705
f 3167 	2821 	3168
f 2819 	3168 	2821
f 1708 	1886 	1706
f 1883 	1706 	1886
f 2618 	2590 	2588
f 2821 	3167 	2823
f 3042 	3041 	1176
f 1176 	1172 	3042
f 3043 	3042 	1172
f 1172 	1266 	3043
f 3050 	3043 	1266
f 3038 	1184 	3039
f 1886 	1708 	1741
f 1886 	1741 	1888
f 3165 	2824 	2823
f 1200 	1686 	1196
f 1888 	1741 	1742
f 1888 	1742 	1892
f 2824 	3165 	2826
f 2617 	2592 	2590
f 2617 	2590 	2618
f 1213 	1686 	1210
f 1748 	1893 	1742
f 1892 	1742 	1893
f 1214 	1686 	1213
f 2826 	3162 	2828
f 1218 	1300 	1214
f 1233 	1300 	1218
f 1748 	1902 	1893
f 2828 	3162 	3161
f 2828 	3161 	2830
f 2594 	2592 	2617
f 1237 	1300 	1233
f 3160 	2831 	3161
f 2830 	3161 	2831
f 1853 	1902 	1673
f 1340 	1342 	2595
f 1161 	1300 	1237
f 1164 	1300 	1161
f 1200 	1210 	1686
f 1284 	1290 	1879
f 2831 	3160 	2833
f 2649 	2598 	2595
f 1755 	1919 	1757
f 1918 	1757 	1919
f 2598 	2649 	2613
f 1755 	1763 	1919
f 1923 	1919 	1763
f 1261 	3050 	1266
f 1260 	3051 	1261
f 1257 	3053 	1260
f 1254 	3053 	1257
f 1251 	3055 	1254
f 1248 	3056 	1251
f 1244 	3057 	1248
f 3054 	1254 	3055
f 3185 	2858 	2835
f 2613 	2647 	2616
f 1757 	1918 	1917
f 1757 	1917 	1761
f 2616 	2647 	2623
f 1275 	1879 	1273
f 1280 	1284 	1879
f 3133 	2791 	3134
f 2022 	1923 	1763
f 1682 	1532 	1295
f 1196 	1686 	1295
f 1290 	1295 	1879
f 2791 	3133 	2793
f 3132 	2793 	3133
f 1802 	2024 	2022
f 2635 	2633 	2636
f 1686 	1682 	1295
f 1275 	1280 	1879
f 2334 	2082 	1879
f 2793 	3132 	2796
f 3131 	2796 	3132
f 3120 	3188 	3189
f 3120 	3189 	3121
f 3131 	3168 	2796
f 3121 	3189 	3123
f 1686 	1214 	1300
f 3123 	3190 	3146
f 2630 	2633 	2635
f 3191 	3192 	3146
f 2172 	2575 	2553
f 2172 	2241 	2575
f 3138 	3049 	2789
f 2552 	2554 	2281
f 3178 	3193 	3078
f 3138 	2789 	3139
f 2788 	3139 	2789
f 2551 	2554 	2552
f 2024 	1802 	2025
f 1805 	2025 	1802
f 3139 	2788 	3140
f 2787 	3140 	2788
f 3141 	3140 	2787
f 1514 	1818 	1805
f 1518 	1511 	1295
f 1523 	1518 	1295
f 1838 	1295 	1843
f 1832 	1295 	1838
f 1511 	1507 	1295
f 1507 	1869 	1295
f 1529 	1523 	1295
f 1825 	1761 	2032
f 1917 	2032 	1761
f 2547 	2564 	2548
f 2564 	2547 	2567
f 2546 	2567 	2547
f 1862 	1295 	1865
f 1869 	1865 	1295
f 1857 	1295 	1862
f 1854 	1295 	1857
f 1848 	1295 	1854
f 1843 	1295 	1848
f 1532 	1529 	1295
f 1830 	1824 	1295
f 1832 	1830 	1295
f 1824 	1820 	1295
f 1820 	1759 	1295
f 1759 	1885 	1295
f 1885 	1882 	1295
f 3197 	3109 	3107
f 3197 	3107 	3196
f 2779 	3142 	3141
f 3109 	3197 	3111
f 2775 	3143 	3142
f 2775 	3142 	2779
f 1882 	1879 	1295
f 3200 	3116 	3114
f 3153 	2816 	3144
f 3200 	3201 	3116
f 3145 	3144 	2813
f 2074 	2069 	3134
f 3133 	3134 	2069
f 2069 	2068 	3133
f 3132 	3133 	2068
f 2068 	2066 	3132
f 3131 	3132 	2066
f 2125 	3131 	2066
f 2075 	2074 	3134
f 3134 	3135 	2075
f 3118 	3201 	3120
f 2810 	3148 	3147
f 2809 	3150 	3148
f 2809 	3148 	2810
f 2611 	2553 	2575
f 3189 	3190 	3123
f 3151 	2807 	3084
f 3143 	2775 	3152
f 3152 	2775 	2817
f 3191 	3146 	3190
f 2594 	2611 	2575
f 2816 	3153 	3152
f 2816 	3152 	2817
f 2089 	2334 	2088
f 2081 	2334 	2089
f 2082 	2334 	2081
f 1273 	1879 	2083
f 2083 	1879 	2082
f 3149 	3146 	3192
f 2813 	3144 	2816
f 3079 	3078 	3193
f 2621 	2619 	2588
f 3193 	3104 	3079
f 3166 	2823 	3167
f 2097 	2096 	3160
f 3160 	3161 	2097
f 3159 	3160 	2096
f 2096 	2094 	3159
f 3158 	3159 	2094
f 3185 	3158 	2093
f 2093 	2288 	3185
f 2094 	2093 	3158
f 3184 	3185 	2288
f 2115 	2098 	3162
f 3162 	3164 	2115
f 2588 	2619 	2618
f 3165 	2823 	3166
f 2143 	2659 	2140
f 3164 	2826 	3165
f 3196 	3107 	3105
f 2150 	2659 	2143
f 2826 	3164 	3162
f 2153 	2334 	2150
f 2161 	2334 	2153
f 2617 	2611 	2594
f 2163 	2334 	2161
f 2166 	2334 	2163
f 3159 	2833 	3160
f 2650 	2595 	1342
f 2833 	3159 	2835
f 3158 	2835 	3159
f 2087 	2334 	2166
f 2088 	2334 	2087
f 3111 	3199 	3114
f 2595 	2650 	2649
f 3158 	3185 	2835
f 2649 	2648 	2613
f 3114 	3199 	3200
f 2613 	2648 	2647
f 2807 	3169 	2836
f 2647 	2646 	2623
f 2255 	3184 	2257
f 2261 	2257 	3184
f 2252 	3184 	2255
f 2250 	3184 	2252
f 2245 	3184 	2250
f 2261 	3184 	2264
f 2286 	3184 	2288
f 2645 	2628 	2646
f 2623 	2646 	2628
f 1335 	3187 	1629
f 2628 	2645 	2644
f 2628 	2644 	2630
f 2276 	2278 	3202
f 2633 	2632 	2636
f 2631 	2639 	2632
f 2636 	2632 	2639
f 2264 	3184 	2286
f 2630 	2644 	2633
f 2538 	2530 	2631
f 2639 	2631 	2530
f 935 	986 	936
f 1351 	936 	1352
f 1352 	936 	986
f 2295 	2674 	2293
f 2301 	2674 	2299
f 934 	1293 	724
f 2858 	3185 	2896
f 2302 	2674 	2301
f 3193 	3194 	3104
f 2310 	2674 	2307
f 3194 	3195 	3104
f 2312 	2674 	2310
f 2901 	3182 	2904
f 2315 	2674 	2312
f 2904 	3182 	2907
f 3197 	3198 	3111
f 2907 	3180 	2910
f 3111 	3198 	3199
f 2140 	2659 	2315
f 2302 	2307 	2674
f 3202 	2278 	2674
f 2910 	3180 	3179
f 2910 	3179 	2916
f 3118 	3116 	3201
f 779 	2921 	3179
f 2916 	3179 	2921
f 2330 	2328 	2150
f 2332 	2330 	2150
f 2334 	2332 	2150
f 3188 	3120 	3201
f 779 	2245 	2921
f 2898 	2891 	2348
f 1890 	2898 	2348
f 2351 	2348 	2891
f 783 	2843 	2855
f 783 	2855 	2854
f 3098 	3149 	3192
f 2853 	793 	2854
f 793 	2853 	796
f 2852 	796 	2853
f 2661 	2658 	2699
f 2659 	2150 	2658
f 2699 	2658 	2150
f 2700 	2699 	2150
f 2701 	2700 	2150
f 2663 	2661 	2699
f 3105 	3104 	3195
f 2201 	2271 	796
f 2201 	796 	2852
f 2674 	2315 	2659
f 3105 	3195 	3196
f 2807 	3151 	3169
f 2809 	2840 	3150
f 3170 	3150 	2840
f 3170 	2840 	3171
f 2839 	3171 	2840
f 2838 	3172 	3171
f 2838 	3171 	2839
f 2696 	2694 	2699
f 2694 	2692 	2699
f 2697 	2696 	2699
f 2692 	2689 	2699
f 2689 	2683 	2699
f 2683 	2682 	2699
f 2682 	2679 	2699
f 2679 	2671 	2699
f 2668 	2665 	2699
f 2665 	2663 	2699
f 2328 	2701 	2150
f 2671 	2668 	2699
f 2847 	3172 	2838
f 3172 	2847 	3173
f 3173 	2847 	3174
f 2846 	3174 	2847
f 2845 	3175 	3174
f 2845 	3174 	2846
f 3175 	2845 	3176
f 2844 	3176 	2845
f 2843 	3177 	3176
f 2843 	3176 	2844
f 2755 	2752 	2756
f 2752 	2746 	2756
f 2746 	2742 	2756
f 2756 	2742 	2735
f 2756 	2735 	2729
f 2726 	2863 	2729
f 2714 	2863 	2726
f 2713 	2891 	2714
f 2367 	2891 	2713
f 783 	3177 	2843
f 2708 	2704 	2731
f 3184 	2896 	3185
f 2896 	3184 	2901
f 3183 	2901 	3184
f 2772 	2708 	2731
f 2901 	3183 	3182
f 3181 	2907 	3182
f 2907 	3181 	3180
f 968 	1597 	965
f 965 	1597 	1542
f 2757 	2731 	2754
f 2751 	2731 	2745
f 2814 	2743 	2745
f 2754 	2731 	2751
f 2759 	2731 	2757
f 2808 	2729 	2849
f 2802 	2729 	2808
f 2849 	2729 	2856
f 2856 	2729 	2860
f 2860 	2729 	2863
f 2797 	2729 	2802
f 2794 	2729 	2797
f 2790 	2729 	2794
f 2784 	2729 	2790
f 2756 	2729 	2784
f 2863 	2714 	2891
f 2761 	2731 	2759
f 2765 	2731 	2761
f 2814 	2745 	2731
f 2765 	2769 	2731
f 2769 	2770 	2731
f 2731 	2770 	2772
f 2777 	2778 	2814
f 2776 	2777 	2814
f 2781 	2783 	2814
f 2778 	2781 	2814
f 2783 	2785 	2814
f 2786 	2792 	2814
f 2785 	2786 	2814
f 2943 	2931 	2945
f 2931 	2928 	2945
f 2928 	2925 	2945
f 2925 	2922 	2945
f 2922 	2918 	2945
f 2918 	2914 	2945
f 1890 	2945 	2914
f 1890 	2914 	2911
f 2908 	1890 	2911
f 2905 	1890 	2908
f 2902 	1890 	2905
f 2899 	1890 	2902
f 2955 	2891 	2898
f 1890 	2899 	2898
f 2792 	2795 	2814
f 2743 	2814 	2795
f 3034 	3067 	2955
f 3065 	3097 	2955
f 2798 	2801 	2814
f 736 	712 	2960
f 2801 	2804 	2814
f 2804 	2806 	2814
f 2806 	2776 	2814
f 960 	2798 	945
f 2955 	2893 	3034
f 2814 	945 	2798
f 732 	750 	2947
f 901 	835 	2947
f 1159 	894 	2949
f 2956 	2958 	2947
f 2951 	2956 	2947
f 2958 	2961 	2947
f 2961 	2962 	2947
f 3010 	3085 	3029
f 2962 	2963 	2947
f 2963 	2814 	2947
f 3004 	3086 	3006
f 3003 	3002 	3088
f 3064 	3088 	3002
f 3029 	3067 	3034
f 3097 	3096 	2955
f 730 	2947 	728
f 728 	2947 	2965
f 2965 	2947 	2964
f 2964 	2947 	852
f 3063 	3088 	3064
f 3003 	3088 	3004
f 2814 	2731 	2947
f 730 	732 	2947
f 3063 	3094 	3093
f 3063 	3093 	3092
f 3063 	3092 	3091
f 3063 	3091 	3090
f 3063 	3090 	3089
f 3063 	3089 	3088
f 3087 	3004 	3088
f 3086 	3004 	3087
f 3085 	3010 	3086
f 3067 	3029 	3085
f 3065 	2955 	3066
f 3066 	2955 	3067
f 3006 	3086 	3010
f 3096 	3095 	2955
f 3095 	3101 	2955
f 3101 	3155 	2955
f 2367 	2351 	2891
f 3155 	3187 	2891
f 2782 	2891 	3187
f 3192 	3155 	3098
f 3098 	3155 	3099
f 3099 	3155 	3100
f 3191 	3155 	3192
f 3100 	3155 	3101
f 3154 	3155 	3190
f 3190 	3189 	3154
f 3156 	3154 	3189
f 3191 	3190 	3155
f 2891 	2955 	3155
f 3157 	3156 	3189
f 3195 	3193 	3197
f 3178 	3163 	3189
f 3163 	3157 	3189
f 3189 	3188 	3178
f 3201 	3200 	3178
f 3188 	3201 	3178
f 3193 	3178 	3200
f 3200 	3199 	3193
f 3199 	3198 	3193
f 3197 	3193 	3198
f 3196 	3195 	3197
f 3194 	3193 	3195
f 1335 	3202 	3187
f 1949 	729 	1870
f 1949 	1212 	729
f 3169 	729 	2369
f 796 	2271 	729
f 3202 	729 	2276
f 2280 	2674 	2278
f 2293 	2674 	2280
f 2299 	2674 	2295
f 3187 	3202 	2782
f 2674 	2782 	3202
f 3169 	791 	729
f 2960 	3034 	2893
f 736 	2960 	2893
f 2893 	1300 	736
f 2728 	736 	1300
f 1300 	1164 	2728
f 819 	822 	2728
f 2728 	831 	2913
f 2728 	2913 	2917
f 2920 	2924 	2728
f 2917 	2920 	2728
f 2703 	2702 	2728
f 2708 	2709 	709
f 2750 	1414 	709
f 1542 	1597 	709
f 729 	709 	1597
f 1597 	1870 	729
f 709 	711 	2708
f 2704 	2708 	711
f 3186 	3203 	741
f 3202 	741 	3203
f 3204 	3205 	3206
f 3210 	3213 	3208
f 3206 	3205 	3209
f 3208 	3209 	3205
f 3210 	3208 	3205
f 3211 	3212 	3207
f 3207 	3208 	3213
f 3211 	3207 	3213
f 713 	726 	3214
f 3206 	714 	3215
f 3206 	3216 	3204
f 3217 	3216 	3214
f 3215 	3214 	3216
f 3206 	3215 	3216
f 710 	723 	711
f 3217 	3214 	726
f 723 	726 	713
f 713 	714 	723
f 711 	723 	714
f 711 	714 	3206
f 3202 	3211 	3213
f 3203 	3211 	3202
f 3219 	1360 	3218
f 3209 	3218 	3206
f 3212 	3211 	3219
f 1359 	1360 	3219
f 3206 	3218 	711
f 711 	1360 	2728
f 1360 	711 	3218
f 3203 	3186 	1359
f 3211 	3203 	3219
f 1359 	3219 	3203
f 725 	3220 	3217
f 3210 	3220 	3213
f 3220 	725 	3213
f 726 	725 	3217
f 729 	3202 	725
f 3202 	3213 	725
f 713 	3214 	715
f 3221 	715 	3214
f 3215 	714 	3222
f 714 	716 	3222
f 3222 	716 	715
f 3222 	715 	3221
f 3215 	3222 	3214
f 3214 	3222 	3221
f 3216 	3223 	3205
f 3216 	3205 	3204
f 3220 	3223 	3216
f 3220 	3216 	3217
f 3205 	3223 	3220
f 3205 	3220 	3210
f 3224 	3225 	3208
f 3224 	3208 	3207
f 3225 	3224 	3219
f 3225 	3219 	3218
f 3208 	3225 	3218
f 3208 	3218 	3209
f 3219 	3224 	3207
f 3219 	3207 	3212
# 5030 faces

 #end of obj_11

